[01:11:04.474] === CFG 执行开始 ===
[01:11:04.481] Host: Core 7.5.8 [pwsh]
[01:11:04.481] HostExe: C:\Program Files\PowerShell\7\pwsh.exe
[01:11:04.482] MaxIterations: 1000, MaxTotalNodes: 50000
[01:11:04.482] TimeBudget: Global=29997ms, Dynamic=5000ms
[01:11:04.482] SafeMode: True
[01:11:04.483] RuntimeSubgraphMode: Full
[01:11:04.483] DynamicDepthLimit: Unlimited
[01:11:04.484] ExecutionStateMode: Isolated
[01:11:04.484] 
[01:11:04.484] === 初始化子图映射 ===
[01:11:04.489]   [INIT] Total functions: 0, ScriptBlocks: 0
[01:11:04.505] 
[01:11:04.535] --- Node 1 [Start] ---
[01:11:04.535]   Code: Script Start
[01:11:04.563]   Status: SKIP
[01:11:04.580] --- Node 3 [MainStart] ---
[01:11:04.580]   Code: Main Script
[01:11:04.581]   Status: SKIP
[01:11:04.586] --- Node 5 [AssignmentStatementAst] ---
[01:11:04.586]   Code: $pairs = @(
    [pscustomobject]@{
        Scheme = 'http'
        Domain = 'noise.local'
        Path = '/stage'
        File = 'decoy.dat'
    }
    [pscustomobject]@{
        Scheme = ('ht' + 'tps')
        Domain = ('example' + '.org')
        Path = ('/api' + '/v1')
        File = ('update' + '.bin')
    }
)
[01:11:04.845]   Status: OK
[01:11:04.845]   VarsWritten:
[01:11:04.859]     $pairs = [Object[]] Count=2 @([PSCustomObject] @{Scheme=http; Domain=noise.local; Path=/stage; File=decoy.dat}, [PSCustomObject] @{Scheme=https; Domain=example.org; Path=/api/v1; File=update.bin})
[01:11:04.864] --- Node 6 [PipelineElement] ---
[01:11:04.864]   Code: $pairs
[01:11:04.885]   Status: OK
[01:11:04.885]   VarsRead:
[01:11:04.885]     $pairs = $null
[01:11:04.886]   VarsWritten:
[01:11:04.886]     $_pipe_49475380 = $null
[01:11:04.910] --- Node 7 [ProcessInit] ---
[01:11:04.910]   Code: $__pfo_in_42aa2aeb9305 = $_pipe_49475380; $__pfo_42aa2aeb9305_idx = 0; $__pfo_42aa2aeb9305_out = @()
[01:11:04.944]   Status: OK
[01:11:04.944]   VarsRead:
[01:11:04.945]     $_pipe_49475380 = $null
[01:11:04.945]   VarsWritten:
[01:11:04.945]     $__pfo_in_42aa2aeb9305 = $null
[01:11:04.945]     $__pfo_42aa2aeb9305_idx = 0
[01:11:04.946]     $__pfo_42aa2aeb9305_out = [Object[]] Count=0 @()
[01:11:04.950] --- Node 9 [ProcessCondition] ---
[01:11:04.950]   Code: [bool]($__pfo_42aa2aeb9305_idx -lt $__pfo_in_42aa2aeb9305.Count)
[01:11:05.099]   Status: OK
[01:11:05.100]   VarsRead:
[01:11:05.101]     $__pfo_42aa2aeb9305_idx = $null
[01:11:05.101]     $__pfo_in_42aa2aeb9305 = $null
[01:11:05.102]   Result: True
[01:11:05.103]   ConditionResult: True
[01:11:05.118] --- Node 11 [ProcessBind] ---
[01:11:05.118]   Code: $__pfo_42aa2aeb9305_cur = $__pfo_in_42aa2aeb9305[$__pfo_42aa2aeb9305_idx]
[01:11:05.167]   Status: ERR
[01:11:05.167]   VarsRead:
[01:11:05.168]     $__pfo_42aa2aeb9305_idx = $null
[01:11:05.168]     $__pfo_in_42aa2aeb9305 = $null
[01:11:05.169]   VarsWritten:
[01:11:05.169]     $__pfo_42aa2aeb9305_cur = $null
[01:11:05.169]   Error: Cannot index into a null array.
[01:11:05.174] --- Node 12 [OutputCaptureStart] ---
[01:11:05.174]   Code: Capture Process Output
[01:11:05.178]   Status: OK
[01:11:05.178]   Action: CaptureStart
[01:11:05.182] --- Node 16 [AssignmentStatementAst] ---
[01:11:05.182]   Code: $url = $__pfo_42aa2aeb9305_cur.Scheme + '://' + $__pfo_42aa2aeb9305_cur.Domain + $__pfo_42aa2aeb9305_cur.Path + '/' + $__pfo_42aa2aeb9305_cur.File
[01:11:05.469]   Status: OK
[01:11:05.470]   VarsRead:
[01:11:05.470]     $__pfo_42aa2aeb9305_cur = $null
[01:11:05.470]   VarsWritten:
[01:11:05.471]     $url = ":///"
[01:11:05.477] --- Node 17 [PipelineElement] ---
[01:11:05.477]   Code: Write-Host $url
[01:11:05.527]   Status: OK
[01:11:05.527]   VarsRead:
[01:11:05.528]     $url = $null
[01:11:05.542] --- Node 13 [OutputCaptureEnd] ---
[01:11:05.542]   Code: Append Process Output
[01:11:05.550]   Status: OK
[01:11:05.550]   Action: CaptureEnd
[01:11:05.550]   VarsWritten:
[01:11:05.551]     $__pfo_42aa2aeb9305_out = [Object[]] Count=0 @()
[01:11:05.556] --- Node 18 [ProcessIter] ---
[01:11:05.557]   Code: $__pfo_42aa2aeb9305_idx++
[01:11:05.583]   Status: OK
[01:11:05.584]   VarsRead:
[01:11:05.585]     $__pfo_42aa2aeb9305_idx = $null
[01:11:05.585]   VarsWritten:
[01:11:05.585]     $__pfo_42aa2aeb9305_idx = 1
[01:11:05.591] --- Node 9 [ProcessCondition] ---
[01:11:05.591]   Code: [bool]($__pfo_42aa2aeb9305_idx -lt $__pfo_in_42aa2aeb9305.Count)
[01:11:05.645]   Status: OK
[01:11:05.645]   VarsRead:
[01:11:05.646]     $__pfo_42aa2aeb9305_idx = $null
[01:11:05.646]     $__pfo_in_42aa2aeb9305 = $null
[01:11:05.646]   Result: True
[01:11:05.646]   ConditionResult: True
[01:11:05.651] --- Node 11 [ProcessBind] ---
[01:11:05.651]   Code: $__pfo_42aa2aeb9305_cur = $__pfo_in_42aa2aeb9305[$__pfo_42aa2aeb9305_idx]
[01:11:05.668]   Status: ERR
[01:11:05.668]   VarsRead:
[01:11:05.669]     $__pfo_42aa2aeb9305_idx = $null
[01:11:05.669]     $__pfo_in_42aa2aeb9305 = $null
[01:11:05.674]   VarsWritten:
[01:11:05.675]     $__pfo_42aa2aeb9305_cur = $null
[01:11:05.675]   Error: Cannot index into a null array.
[01:11:05.679] --- Node 12 [OutputCaptureStart] ---
[01:11:05.680]   Code: Capture Process Output
[01:11:05.682]   Status: OK
[01:11:05.682]   Action: CaptureStart
[01:11:05.686] --- Node 16 [AssignmentStatementAst] ---
[01:11:05.686]   Code: $url = $__pfo_42aa2aeb9305_cur.Scheme + '://' + $__pfo_42aa2aeb9305_cur.Domain + $__pfo_42aa2aeb9305_cur.Path + '/' + $__pfo_42aa2aeb9305_cur.File
[01:11:05.769]   Status: OK
[01:11:05.769]   VarsRead:
[01:11:05.770]     $__pfo_42aa2aeb9305_cur = $null
[01:11:05.770]   VarsWritten:
[01:11:05.770]     $url = ":///"
[01:11:05.776] --- Node 17 [PipelineElement] ---
[01:11:05.776]   Code: Write-Host $url
[01:11:05.804]   Status: OK
[01:11:05.804]   VarsRead:
[01:11:05.806]     $url = $null
[01:11:05.811] --- Node 13 [OutputCaptureEnd] ---
[01:11:05.811]   Code: Append Process Output
[01:11:05.815]   Status: OK
[01:11:05.815]   Action: CaptureEnd
[01:11:05.815]   VarsWritten:
[01:11:05.817]     $__pfo_42aa2aeb9305_out = [Object[]] Count=0 @()
[01:11:05.824] --- Node 18 [ProcessIter] ---
[01:11:05.824]   Code: $__pfo_42aa2aeb9305_idx++
[01:11:05.844]   Status: OK
[01:11:05.844]   VarsRead:
[01:11:05.846]     $__pfo_42aa2aeb9305_idx = $null
[01:11:05.846]   VarsWritten:
[01:11:05.846]     $__pfo_42aa2aeb9305_idx = 1
[01:11:05.853] --- Node 9 [ProcessCondition] ---
[01:11:05.853]   Code: [bool]($__pfo_42aa2aeb9305_idx -lt $__pfo_in_42aa2aeb9305.Count)
[01:11:05.922]   Status: OK
[01:11:05.922]   VarsRead:
[01:11:05.928]     $__pfo_42aa2aeb9305_idx = $null
[01:11:05.928]     $__pfo_in_42aa2aeb9305 = $null
[01:11:05.928]   Result: True
[01:11:05.928]   ConditionResult: True
[01:11:05.935] --- Node 11 [ProcessBind] ---
[01:11:05.935]   Code: $__pfo_42aa2aeb9305_cur = $__pfo_in_42aa2aeb9305[$__pfo_42aa2aeb9305_idx]
[01:11:05.955]   Status: ERR
[01:11:05.955]   VarsRead:
[01:11:05.956]     $__pfo_42aa2aeb9305_idx = $null
[01:11:05.956]     $__pfo_in_42aa2aeb9305 = $null
[01:11:05.956]   VarsWritten:
[01:11:05.956]     $__pfo_42aa2aeb9305_cur = $null
[01:11:05.956]   Error: Cannot index into a null array.
[01:11:05.962] --- Node 12 [OutputCaptureStart] ---
[01:11:05.962]   Code: Capture Process Output
[01:11:05.965]   Status: OK
[01:11:05.965]   Action: CaptureStart
[01:11:05.972] --- Node 16 [AssignmentStatementAst] ---
[01:11:05.972]   Code: $url = $__pfo_42aa2aeb9305_cur.Scheme + '://' + $__pfo_42aa2aeb9305_cur.Domain + $__pfo_42aa2aeb9305_cur.Path + '/' + $__pfo_42aa2aeb9305_cur.File
[01:11:06.074]   Status: OK
[01:11:06.074]   VarsRead:
[01:11:06.075]     $__pfo_42aa2aeb9305_cur = $null
[01:11:06.075]   VarsWritten:
[01:11:06.076]     $url = ":///"
[01:11:06.083] --- Node 17 [PipelineElement] ---
[01:11:06.084]   Code: Write-Host $url
[01:11:06.105]   Status: OK
[01:11:06.105]   VarsRead:
[01:11:06.106]     $url = $null
[01:11:06.120] --- Node 13 [OutputCaptureEnd] ---
[01:11:06.120]   Code: Append Process Output
[01:11:06.126]   Status: OK
[01:11:06.126]   Action: CaptureEnd
[01:11:06.126]   VarsWritten:
[01:11:06.129]     $__pfo_42aa2aeb9305_out = [Object[]] Count=0 @()
[01:11:06.135] --- Node 18 [ProcessIter] ---
[01:11:06.135]   Code: $__pfo_42aa2aeb9305_idx++
[01:11:06.150]   Status: OK
[01:11:06.150]   VarsRead:
[01:11:06.151]     $__pfo_42aa2aeb9305_idx = $null
[01:11:06.151]   VarsWritten:
[01:11:06.151]     $__pfo_42aa2aeb9305_idx = 1
[01:11:06.158] --- Node 9 [ProcessCondition] ---
[01:11:06.158]   Code: [bool]($__pfo_42aa2aeb9305_idx -lt $__pfo_in_42aa2aeb9305.Count)
[01:11:06.217]   Status: OK
[01:11:06.218]   VarsRead:
[01:11:06.220]     $__pfo_42aa2aeb9305_idx = $null
[01:11:06.220]     $__pfo_in_42aa2aeb9305 = $null
[01:11:06.220]   Result: True
[01:11:06.220]   ConditionResult: True
[01:11:06.227] --- Node 11 [ProcessBind] ---
[01:11:06.227]   Code: $__pfo_42aa2aeb9305_cur = $__pfo_in_42aa2aeb9305[$__pfo_42aa2aeb9305_idx]
[01:11:06.246]   Status: ERR
[01:11:06.246]   VarsRead:
[01:11:06.246]     $__pfo_42aa2aeb9305_idx = $null
[01:11:06.246]     $__pfo_in_42aa2aeb9305 = $null
[01:11:06.247]   VarsWritten:
[01:11:06.247]     $__pfo_42aa2aeb9305_cur = $null
[01:11:06.247]   Error: Cannot index into a null array.
[01:11:06.253] --- Node 12 [OutputCaptureStart] ---
[01:11:06.253]   Code: Capture Process Output
[01:11:06.255]   Status: OK
[01:11:06.255]   Action: CaptureStart
[01:11:06.261] --- Node 16 [AssignmentStatementAst] ---
[01:11:06.262]   Code: $url = $__pfo_42aa2aeb9305_cur.Scheme + '://' + $__pfo_42aa2aeb9305_cur.Domain + $__pfo_42aa2aeb9305_cur.Path + '/' + $__pfo_42aa2aeb9305_cur.File
[01:11:06.353]   Status: OK
[01:11:06.354]   VarsRead:
[01:11:06.355]     $__pfo_42aa2aeb9305_cur = $null
[01:11:06.355]   VarsWritten:
[01:11:06.355]     $url = ":///"
[01:11:06.362] --- Node 17 [PipelineElement] ---
[01:11:06.362]   Code: Write-Host $url
[01:11:06.382]   Status: OK
[01:11:06.382]   VarsRead:
[01:11:06.383]     $url = $null
[01:11:06.389] --- Node 13 [OutputCaptureEnd] ---
[01:11:06.389]   Code: Append Process Output
[01:11:06.393]   Status: OK
[01:11:06.393]   Action: CaptureEnd
[01:11:06.394]   VarsWritten:
[01:11:06.396]     $__pfo_42aa2aeb9305_out = [Object[]] Count=0 @()
[01:11:06.409] --- Node 18 [ProcessIter] ---
[01:11:06.409]   Code: $__pfo_42aa2aeb9305_idx++
[01:11:06.425]   Status: OK
[01:11:06.425]   VarsRead:
[01:11:06.426]     $__pfo_42aa2aeb9305_idx = $null
[01:11:06.426]   VarsWritten:
[01:11:06.426]     $__pfo_42aa2aeb9305_idx = 1
[01:11:06.434] --- Node 9 [ProcessCondition] ---
[01:11:06.434]   Code: [bool]($__pfo_42aa2aeb9305_idx -lt $__pfo_in_42aa2aeb9305.Count)
[01:11:06.504]   Status: OK
[01:11:06.504]   VarsRead:
[01:11:06.506]     $__pfo_42aa2aeb9305_idx = $null
[01:11:06.507]     $__pfo_in_42aa2aeb9305 = $null
[01:11:06.507]   Result: True
[01:11:06.507]   ConditionResult: True
[01:11:06.513] --- Node 11 [ProcessBind] ---
[01:11:06.513]   Code: $__pfo_42aa2aeb9305_cur = $__pfo_in_42aa2aeb9305[$__pfo_42aa2aeb9305_idx]
[01:11:06.535]   Status: ERR
[01:11:06.535]   VarsRead:
[01:11:06.536]     $__pfo_42aa2aeb9305_idx = $null
[01:11:06.536]     $__pfo_in_42aa2aeb9305 = $null
[01:11:06.536]   VarsWritten:
[01:11:06.536]     $__pfo_42aa2aeb9305_cur = $null
[01:11:06.536]   Error: Cannot index into a null array.
[01:11:06.542] --- Node 12 [OutputCaptureStart] ---
[01:11:06.542]   Code: Capture Process Output
[01:11:06.545]   Status: OK
[01:11:06.545]   Action: CaptureStart
[01:11:06.550] --- Node 16 [AssignmentStatementAst] ---
[01:11:06.550]   Code: $url = $__pfo_42aa2aeb9305_cur.Scheme + '://' + $__pfo_42aa2aeb9305_cur.Domain + $__pfo_42aa2aeb9305_cur.Path + '/' + $__pfo_42aa2aeb9305_cur.File
[01:11:06.638]   Status: OK
[01:11:06.638]   VarsRead:
[01:11:06.639]     $__pfo_42aa2aeb9305_cur = $null
[01:11:06.639]   VarsWritten:
[01:11:06.639]     $url = ":///"
[01:11:06.646] --- Node 17 [PipelineElement] ---
[01:11:06.646]   Code: Write-Host $url
[01:11:06.663]   Status: OK
[01:11:06.663]   VarsRead:
[01:11:06.664]     $url = $null
[01:11:06.670] --- Node 13 [OutputCaptureEnd] ---
[01:11:06.670]   Code: Append Process Output
[01:11:06.674]   Status: OK
[01:11:06.674]   Action: CaptureEnd
[01:11:06.674]   VarsWritten:
[01:11:06.676]     $__pfo_42aa2aeb9305_out = [Object[]] Count=0 @()
[01:11:06.685] --- Node 18 [ProcessIter] ---
[01:11:06.685]   Code: $__pfo_42aa2aeb9305_idx++
[01:11:06.699]   Status: OK
[01:11:06.699]   VarsRead:
[01:11:06.700]     $__pfo_42aa2aeb9305_idx = $null
[01:11:06.700]   VarsWritten:
[01:11:06.700]     $__pfo_42aa2aeb9305_idx = 1
[01:11:06.706] --- Node 9 [ProcessCondition] ---
[01:11:06.706]   Code: [bool]($__pfo_42aa2aeb9305_idx -lt $__pfo_in_42aa2aeb9305.Count)
[01:11:06.758]   Status: OK
[01:11:06.758]   VarsRead:
[01:11:06.760]     $__pfo_42aa2aeb9305_idx = $null
[01:11:06.760]     $__pfo_in_42aa2aeb9305 = $null
[01:11:06.760]   Result: True
[01:11:06.760]   ConditionResult: True
[01:11:06.768] --- Node 11 [ProcessBind] ---
[01:11:06.768]   Code: $__pfo_42aa2aeb9305_cur = $__pfo_in_42aa2aeb9305[$__pfo_42aa2aeb9305_idx]
[01:11:06.796]   Status: ERR
[01:11:06.796]   VarsRead:
[01:11:06.797]     $__pfo_42aa2aeb9305_idx = $null
[01:11:06.797]     $__pfo_in_42aa2aeb9305 = $null
[01:11:06.797]   VarsWritten:
[01:11:06.797]     $__pfo_42aa2aeb9305_cur = $null
[01:11:06.798]   Error: Cannot index into a null array.
[01:11:06.803] --- Node 12 [OutputCaptureStart] ---
[01:11:06.804]   Code: Capture Process Output
[01:11:06.807]   Status: OK
[01:11:06.807]   Action: CaptureStart
[01:11:06.812] --- Node 16 [AssignmentStatementAst] ---
[01:11:06.812]   Code: $url = $__pfo_42aa2aeb9305_cur.Scheme + '://' + $__pfo_42aa2aeb9305_cur.Domain + $__pfo_42aa2aeb9305_cur.Path + '/' + $__pfo_42aa2aeb9305_cur.File
[01:11:06.899]   Status: OK
[01:11:06.899]   VarsRead:
[01:11:06.901]     $__pfo_42aa2aeb9305_cur = $null
[01:11:06.901]   VarsWritten:
[01:11:06.901]     $url = ":///"
[01:11:06.908] --- Node 17 [PipelineElement] ---
[01:11:06.908]   Code: Write-Host $url
[01:11:06.929]   Status: OK
[01:11:06.929]   VarsRead:
[01:11:06.930]     $url = $null
[01:11:06.935] --- Node 13 [OutputCaptureEnd] ---
[01:11:06.935]   Code: Append Process Output
[01:11:06.939]   Status: OK
[01:11:06.940]   Action: CaptureEnd
[01:11:06.940]   VarsWritten:
[01:11:06.942]     $__pfo_42aa2aeb9305_out = [Object[]] Count=0 @()
[01:11:06.946] --- Node 18 [ProcessIter] ---
[01:11:06.946]   Code: $__pfo_42aa2aeb9305_idx++
[01:11:06.970]   Status: OK
[01:11:06.970]   VarsRead:
[01:11:06.971]     $__pfo_42aa2aeb9305_idx = $null
[01:11:06.971]   VarsWritten:
[01:11:06.972]     $__pfo_42aa2aeb9305_idx = 1
[01:11:06.979] --- Node 9 [ProcessCondition] ---
[01:11:06.979]   Code: [bool]($__pfo_42aa2aeb9305_idx -lt $__pfo_in_42aa2aeb9305.Count)
[01:11:07.043]   Status: OK
[01:11:07.043]   VarsRead:
[01:11:07.044]     $__pfo_42aa2aeb9305_idx = $null
[01:11:07.044]     $__pfo_in_42aa2aeb9305 = $null
[01:11:07.045]   Result: True
[01:11:07.045]   ConditionResult: True
[01:11:07.050] --- Node 11 [ProcessBind] ---
[01:11:07.050]   Code: $__pfo_42aa2aeb9305_cur = $__pfo_in_42aa2aeb9305[$__pfo_42aa2aeb9305_idx]
[01:11:07.079]   Status: ERR
[01:11:07.079]   VarsRead:
[01:11:07.080]     $__pfo_42aa2aeb9305_idx = $null
[01:11:07.080]     $__pfo_in_42aa2aeb9305 = $null
[01:11:07.080]   VarsWritten:
[01:11:07.080]     $__pfo_42aa2aeb9305_cur = $null
[01:11:07.080]   Error: Cannot index into a null array.
[01:11:07.086] --- Node 12 [OutputCaptureStart] ---
[01:11:07.086]   Code: Capture Process Output
[01:11:07.089]   Status: OK
[01:11:07.090]   Action: CaptureStart
[01:11:07.095] --- Node 16 [AssignmentStatementAst] ---
[01:11:07.095]   Code: $url = $__pfo_42aa2aeb9305_cur.Scheme + '://' + $__pfo_42aa2aeb9305_cur.Domain + $__pfo_42aa2aeb9305_cur.Path + '/' + $__pfo_42aa2aeb9305_cur.File
[01:11:07.176]   Status: OK
[01:11:07.176]   VarsRead:
[01:11:07.178]     $__pfo_42aa2aeb9305_cur = $null
[01:11:07.178]   VarsWritten:
[01:11:07.178]     $url = ":///"
[01:11:07.183] --- Node 17 [PipelineElement] ---
[01:11:07.183]   Code: Write-Host $url
[01:11:07.203]   Status: OK
[01:11:07.204]   VarsRead:
[01:11:07.205]     $url = $null
[01:11:07.210] --- Node 13 [OutputCaptureEnd] ---
[01:11:07.210]   Code: Append Process Output
[01:11:07.215]   Status: OK
[01:11:07.215]   Action: CaptureEnd
[01:11:07.215]   VarsWritten:
[01:11:07.217]     $__pfo_42aa2aeb9305_out = [Object[]] Count=0 @()
[01:11:07.223] --- Node 18 [ProcessIter] ---
[01:11:07.223]   Code: $__pfo_42aa2aeb9305_idx++
[01:11:07.240]   Status: OK
[01:11:07.240]   VarsRead:
[01:11:07.241]     $__pfo_42aa2aeb9305_idx = $null
[01:11:07.241]   VarsWritten:
[01:11:07.241]     $__pfo_42aa2aeb9305_idx = 1
[01:11:07.252] --- Node 9 [ProcessCondition] ---
[01:11:07.252]   Code: [bool]($__pfo_42aa2aeb9305_idx -lt $__pfo_in_42aa2aeb9305.Count)
[01:11:07.304]   Status: OK
[01:11:07.304]   VarsRead:
[01:11:07.305]     $__pfo_42aa2aeb9305_idx = $null
[01:11:07.306]     $__pfo_in_42aa2aeb9305 = $null
[01:11:07.306]   Result: True
[01:11:07.306]   ConditionResult: True
[01:11:07.312] --- Node 11 [ProcessBind] ---
[01:11:07.312]   Code: $__pfo_42aa2aeb9305_cur = $__pfo_in_42aa2aeb9305[$__pfo_42aa2aeb9305_idx]
[01:11:07.330]   Status: ERR
[01:11:07.330]   VarsRead:
[01:11:07.331]     $__pfo_42aa2aeb9305_idx = $null
[01:11:07.331]     $__pfo_in_42aa2aeb9305 = $null
[01:11:07.331]   VarsWritten:
[01:11:07.331]     $__pfo_42aa2aeb9305_cur = $null
[01:11:07.331]   Error: Cannot index into a null array.
[01:11:07.336] --- Node 12 [OutputCaptureStart] ---
[01:11:07.336]   Code: Capture Process Output
[01:11:07.339]   Status: OK
[01:11:07.339]   Action: CaptureStart
[01:11:07.351] --- Node 16 [AssignmentStatementAst] ---
[01:11:07.351]   Code: $url = $__pfo_42aa2aeb9305_cur.Scheme + '://' + $__pfo_42aa2aeb9305_cur.Domain + $__pfo_42aa2aeb9305_cur.Path + '/' + $__pfo_42aa2aeb9305_cur.File
[01:11:07.429]   Status: OK
[01:11:07.429]   VarsRead:
[01:11:07.430]     $__pfo_42aa2aeb9305_cur = $null
[01:11:07.430]   VarsWritten:
[01:11:07.430]     $url = ":///"
[01:11:07.436] --- Node 17 [PipelineElement] ---
[01:11:07.437]   Code: Write-Host $url
[01:11:07.463]   Status: OK
[01:11:07.463]   VarsRead:
[01:11:07.464]     $url = $null
[01:11:07.470] --- Node 13 [OutputCaptureEnd] ---
[01:11:07.470]   Code: Append Process Output
[01:11:07.475]   Status: OK
[01:11:07.475]   Action: CaptureEnd
[01:11:07.475]   VarsWritten:
[01:11:07.478]     $__pfo_42aa2aeb9305_out = [Object[]] Count=0 @()
[01:11:07.483] --- Node 18 [ProcessIter] ---
[01:11:07.484]   Code: $__pfo_42aa2aeb9305_idx++
[01:11:07.498]   Status: OK
[01:11:07.498]   VarsRead:
[01:11:07.499]     $__pfo_42aa2aeb9305_idx = $null
[01:11:07.499]   VarsWritten:
[01:11:07.499]     $__pfo_42aa2aeb9305_idx = 1
[01:11:07.503] --- Node 9 [ProcessCondition] ---
[01:11:07.503]   Code: [bool]($__pfo_42aa2aeb9305_idx -lt $__pfo_in_42aa2aeb9305.Count)
[01:11:07.558]   Status: OK
[01:11:07.558]   VarsRead:
[01:11:07.559]     $__pfo_42aa2aeb9305_idx = $null
[01:11:07.559]     $__pfo_in_42aa2aeb9305 = $null
[01:11:07.559]   Result: True
[01:11:07.560]   ConditionResult: True
[01:11:07.566] --- Node 11 [ProcessBind] ---
[01:11:07.566]   Code: $__pfo_42aa2aeb9305_cur = $__pfo_in_42aa2aeb9305[$__pfo_42aa2aeb9305_idx]
[01:11:07.585]   Status: ERR
[01:11:07.585]   VarsRead:
[01:11:07.586]     $__pfo_42aa2aeb9305_idx = $null
[01:11:07.586]     $__pfo_in_42aa2aeb9305 = $null
[01:11:07.587]   VarsWritten:
[01:11:07.587]     $__pfo_42aa2aeb9305_cur = $null
[01:11:07.587]   Error: Cannot index into a null array.
[01:11:07.593] --- Node 12 [OutputCaptureStart] ---
[01:11:07.593]   Code: Capture Process Output
[01:11:07.596]   Status: OK
[01:11:07.596]   Action: CaptureStart
[01:11:07.600] --- Node 16 [AssignmentStatementAst] ---
[01:11:07.601]   Code: $url = $__pfo_42aa2aeb9305_cur.Scheme + '://' + $__pfo_42aa2aeb9305_cur.Domain + $__pfo_42aa2aeb9305_cur.Path + '/' + $__pfo_42aa2aeb9305_cur.File
[01:11:07.684]   Status: OK
[01:11:07.685]   VarsRead:
[01:11:07.686]     $__pfo_42aa2aeb9305_cur = $null
[01:11:07.686]   VarsWritten:
[01:11:07.686]     $url = ":///"
[01:11:07.692] --- Node 17 [PipelineElement] ---
[01:11:07.692]   Code: Write-Host $url
[01:11:07.710]   Status: OK
[01:11:07.710]   VarsRead:
[01:11:07.711]     $url = $null
[01:11:07.718] --- Node 13 [OutputCaptureEnd] ---
[01:11:07.718]   Code: Append Process Output
[01:11:07.731]   Status: OK
[01:11:07.731]   Action: CaptureEnd
[01:11:07.731]   VarsWritten:
[01:11:07.733]     $__pfo_42aa2aeb9305_out = [Object[]] Count=0 @()
[01:11:07.739] --- Node 18 [ProcessIter] ---
[01:11:07.739]   Code: $__pfo_42aa2aeb9305_idx++
[01:11:07.755]   Status: OK
[01:11:07.756]   VarsRead:
[01:11:07.757]     $__pfo_42aa2aeb9305_idx = $null
[01:11:07.757]   VarsWritten:
[01:11:07.757]     $__pfo_42aa2aeb9305_idx = 1
[01:11:07.764] --- Node 9 [ProcessCondition] ---
[01:11:07.764]   Code: [bool]($__pfo_42aa2aeb9305_idx -lt $__pfo_in_42aa2aeb9305.Count)
[01:11:07.812]   Status: OK
[01:11:07.812]   VarsRead:
[01:11:07.813]     $__pfo_42aa2aeb9305_idx = $null
[01:11:07.813]     $__pfo_in_42aa2aeb9305 = $null
[01:11:07.813]   Result: True
[01:11:07.813]   ConditionResult: True
[01:11:07.826] --- Node 11 [ProcessBind] ---
[01:11:07.826]   Code: $__pfo_42aa2aeb9305_cur = $__pfo_in_42aa2aeb9305[$__pfo_42aa2aeb9305_idx]
[01:11:07.848]   Status: ERR
[01:11:07.848]   VarsRead:
[01:11:07.849]     $__pfo_42aa2aeb9305_idx = $null
[01:11:07.850]     $__pfo_in_42aa2aeb9305 = $null
[01:11:07.850]   VarsWritten:
[01:11:07.850]     $__pfo_42aa2aeb9305_cur = $null
[01:11:07.850]   Error: Cannot index into a null array.
[01:11:07.856] --- Node 12 [OutputCaptureStart] ---
[01:11:07.856]   Code: Capture Process Output
[01:11:07.860]   Status: OK
[01:11:07.860]   Action: CaptureStart
[01:11:07.865] --- Node 16 [AssignmentStatementAst] ---
[01:11:07.865]   Code: $url = $__pfo_42aa2aeb9305_cur.Scheme + '://' + $__pfo_42aa2aeb9305_cur.Domain + $__pfo_42aa2aeb9305_cur.Path + '/' + $__pfo_42aa2aeb9305_cur.File
[01:11:07.953]   Status: OK
[01:11:07.953]   VarsRead:
[01:11:07.954]     $__pfo_42aa2aeb9305_cur = $null
[01:11:07.954]   VarsWritten:
[01:11:07.954]     $url = ":///"
[01:11:07.960] --- Node 17 [PipelineElement] ---
[01:11:07.960]   Code: Write-Host $url
[01:11:07.979]   Status: OK
[01:11:07.979]   VarsRead:
[01:11:07.979]     $url = $null
[01:11:07.984] --- Node 13 [OutputCaptureEnd] ---
[01:11:07.984]   Code: Append Process Output
[01:11:07.989]   Status: OK
[01:11:07.989]   Action: CaptureEnd
[01:11:07.989]   VarsWritten:
[01:11:07.991]     $__pfo_42aa2aeb9305_out = [Object[]] Count=0 @()
[01:11:07.997] --- Node 18 [ProcessIter] ---
[01:11:07.997]   Code: $__pfo_42aa2aeb9305_idx++
[01:11:08.012]   Status: OK
[01:11:08.012]   VarsRead:
[01:11:08.013]     $__pfo_42aa2aeb9305_idx = $null
[01:11:08.013]   VarsWritten:
[01:11:08.013]     $__pfo_42aa2aeb9305_idx = 1
[01:11:08.024] --- Node 9 [ProcessCondition] ---
[01:11:08.024]   Code: [bool]($__pfo_42aa2aeb9305_idx -lt $__pfo_in_42aa2aeb9305.Count)
[01:11:08.072]   Status: OK
[01:11:08.072]   VarsRead:
[01:11:08.073]     $__pfo_42aa2aeb9305_idx = $null
[01:11:08.073]     $__pfo_in_42aa2aeb9305 = $null
[01:11:08.073]   Result: True
[01:11:08.073]   ConditionResult: True
[01:11:08.079] --- Node 11 [ProcessBind] ---
[01:11:08.079]   Code: $__pfo_42aa2aeb9305_cur = $__pfo_in_42aa2aeb9305[$__pfo_42aa2aeb9305_idx]
[01:11:08.099]   Status: ERR
[01:11:08.099]   VarsRead:
[01:11:08.100]     $__pfo_42aa2aeb9305_idx = $null
[01:11:08.100]     $__pfo_in_42aa2aeb9305 = $null
[01:11:08.101]   VarsWritten:
[01:11:08.101]     $__pfo_42aa2aeb9305_cur = $null
[01:11:08.101]   Error: Cannot index into a null array.
[01:11:08.114] --- Node 12 [OutputCaptureStart] ---
[01:11:08.114]   Code: Capture Process Output
[01:11:08.117]   Status: OK
[01:11:08.117]   Action: CaptureStart
[01:11:08.122] --- Node 16 [AssignmentStatementAst] ---
[01:11:08.122]   Code: $url = $__pfo_42aa2aeb9305_cur.Scheme + '://' + $__pfo_42aa2aeb9305_cur.Domain + $__pfo_42aa2aeb9305_cur.Path + '/' + $__pfo_42aa2aeb9305_cur.File
[01:11:08.210]   Status: OK
[01:11:08.210]   VarsRead:
[01:11:08.210]     $__pfo_42aa2aeb9305_cur = $null
[01:11:08.211]   VarsWritten:
[01:11:08.211]     $url = ":///"
[01:11:08.217] --- Node 17 [PipelineElement] ---
[01:11:08.217]   Code: Write-Host $url
[01:11:08.239]   Status: OK
[01:11:08.239]   VarsRead:
[01:11:08.241]     $url = $null
[01:11:08.246] --- Node 13 [OutputCaptureEnd] ---
[01:11:08.246]   Code: Append Process Output
[01:11:08.250]   Status: OK
[01:11:08.251]   Action: CaptureEnd
[01:11:08.251]   VarsWritten:
[01:11:08.253]     $__pfo_42aa2aeb9305_out = [Object[]] Count=0 @()
[01:11:08.258] --- Node 18 [ProcessIter] ---
[01:11:08.259]   Code: $__pfo_42aa2aeb9305_idx++
[01:11:08.276]   Status: OK
[01:11:08.276]   VarsRead:
[01:11:08.277]     $__pfo_42aa2aeb9305_idx = $null
[01:11:08.277]   VarsWritten:
[01:11:08.277]     $__pfo_42aa2aeb9305_idx = 1
[01:11:08.283] --- Node 9 [ProcessCondition] ---
[01:11:08.284]   Code: [bool]($__pfo_42aa2aeb9305_idx -lt $__pfo_in_42aa2aeb9305.Count)
[01:11:08.339]   Status: OK
[01:11:08.339]   VarsRead:
[01:11:08.340]     $__pfo_42aa2aeb9305_idx = $null
[01:11:08.340]     $__pfo_in_42aa2aeb9305 = $null
[01:11:08.340]   Result: True
[01:11:08.340]   ConditionResult: True
[01:11:08.346] --- Node 11 [ProcessBind] ---
[01:11:08.346]   Code: $__pfo_42aa2aeb9305_cur = $__pfo_in_42aa2aeb9305[$__pfo_42aa2aeb9305_idx]
[01:11:08.365]   Status: ERR
[01:11:08.365]   VarsRead:
[01:11:08.366]     $__pfo_42aa2aeb9305_idx = $null
[01:11:08.366]     $__pfo_in_42aa2aeb9305 = $null
[01:11:08.366]   VarsWritten:
[01:11:08.366]     $__pfo_42aa2aeb9305_cur = $null
[01:11:08.367]   Error: Cannot index into a null array.
[01:11:08.371] --- Node 12 [OutputCaptureStart] ---
[01:11:08.371]   Code: Capture Process Output
[01:11:08.374]   Status: OK
[01:11:08.374]   Action: CaptureStart
[01:11:08.378] --- Node 16 [AssignmentStatementAst] ---
[01:11:08.378]   Code: $url = $__pfo_42aa2aeb9305_cur.Scheme + '://' + $__pfo_42aa2aeb9305_cur.Domain + $__pfo_42aa2aeb9305_cur.Path + '/' + $__pfo_42aa2aeb9305_cur.File
[01:11:08.471]   Status: OK
[01:11:08.471]   VarsRead:
[01:11:08.472]     $__pfo_42aa2aeb9305_cur = $null
[01:11:08.473]   VarsWritten:
[01:11:08.473]     $url = ":///"
[01:11:08.479] --- Node 17 [PipelineElement] ---
[01:11:08.479]   Code: Write-Host $url
[01:11:08.499]   Status: OK
[01:11:08.499]   VarsRead:
[01:11:08.500]     $url = $null
[01:11:08.506] --- Node 13 [OutputCaptureEnd] ---
[01:11:08.506]   Code: Append Process Output
[01:11:08.512]   Status: OK
[01:11:08.512]   Action: CaptureEnd
[01:11:08.512]   VarsWritten:
[01:11:08.515]     $__pfo_42aa2aeb9305_out = [Object[]] Count=0 @()
[01:11:08.523] --- Node 18 [ProcessIter] ---
[01:11:08.524]   Code: $__pfo_42aa2aeb9305_idx++
[01:11:08.540]   Status: OK
[01:11:08.541]   VarsRead:
[01:11:08.542]     $__pfo_42aa2aeb9305_idx = $null
[01:11:08.542]   VarsWritten:
[01:11:08.542]     $__pfo_42aa2aeb9305_idx = 1
[01:11:08.548] --- Node 9 [ProcessCondition] ---
[01:11:08.548]   Code: [bool]($__pfo_42aa2aeb9305_idx -lt $__pfo_in_42aa2aeb9305.Count)
[01:11:08.595]   Status: OK
[01:11:08.595]   VarsRead:
[01:11:08.596]     $__pfo_42aa2aeb9305_idx = $null
[01:11:08.596]     $__pfo_in_42aa2aeb9305 = $null
[01:11:08.596]   Result: True
[01:11:08.596]   ConditionResult: True
[01:11:08.611] --- Node 11 [ProcessBind] ---
[01:11:08.611]   Code: $__pfo_42aa2aeb9305_cur = $__pfo_in_42aa2aeb9305[$__pfo_42aa2aeb9305_idx]
[01:11:08.631]   Status: ERR
[01:11:08.631]   VarsRead:
[01:11:08.632]     $__pfo_42aa2aeb9305_idx = $null
[01:11:08.632]     $__pfo_in_42aa2aeb9305 = $null
[01:11:08.632]   VarsWritten:
[01:11:08.632]     $__pfo_42aa2aeb9305_cur = $null
[01:11:08.632]   Error: Cannot index into a null array.
[01:11:08.637] --- Node 12 [OutputCaptureStart] ---
[01:11:08.638]   Code: Capture Process Output
[01:11:08.640]   Status: OK
[01:11:08.641]   Action: CaptureStart
[01:11:08.647] --- Node 16 [AssignmentStatementAst] ---
[01:11:08.647]   Code: $url = $__pfo_42aa2aeb9305_cur.Scheme + '://' + $__pfo_42aa2aeb9305_cur.Domain + $__pfo_42aa2aeb9305_cur.Path + '/' + $__pfo_42aa2aeb9305_cur.File
[01:11:08.732]   Status: OK
[01:11:08.732]   VarsRead:
[01:11:08.734]     $__pfo_42aa2aeb9305_cur = $null
[01:11:08.734]   VarsWritten:
[01:11:08.734]     $url = ":///"
[01:11:08.739] --- Node 17 [PipelineElement] ---
[01:11:08.740]   Code: Write-Host $url
[01:11:08.760]   Status: OK
[01:11:08.760]   VarsRead:
[01:11:08.762]     $url = $null
[01:11:08.767] --- Node 13 [OutputCaptureEnd] ---
[01:11:08.767]   Code: Append Process Output
[01:11:08.772]   Status: OK
[01:11:08.772]   Action: CaptureEnd
[01:11:08.773]   VarsWritten:
[01:11:08.775]     $__pfo_42aa2aeb9305_out = [Object[]] Count=0 @()
[01:11:08.781] --- Node 18 [ProcessIter] ---
[01:11:08.781]   Code: $__pfo_42aa2aeb9305_idx++
[01:11:08.797]   Status: OK
[01:11:08.798]   VarsRead:
[01:11:08.798]     $__pfo_42aa2aeb9305_idx = $null
[01:11:08.799]   VarsWritten:
[01:11:08.799]     $__pfo_42aa2aeb9305_idx = 1
[01:11:08.808] --- Node 9 [ProcessCondition] ---
[01:11:08.808]   Code: [bool]($__pfo_42aa2aeb9305_idx -lt $__pfo_in_42aa2aeb9305.Count)
[01:11:08.857]   Status: OK
[01:11:08.857]   VarsRead:
[01:11:08.858]     $__pfo_42aa2aeb9305_idx = $null
[01:11:08.859]     $__pfo_in_42aa2aeb9305 = $null
[01:11:08.859]   Result: True
[01:11:08.859]   ConditionResult: True
[01:11:08.864] --- Node 11 [ProcessBind] ---
[01:11:08.864]   Code: $__pfo_42aa2aeb9305_cur = $__pfo_in_42aa2aeb9305[$__pfo_42aa2aeb9305_idx]
[01:11:08.882]   Status: ERR
[01:11:08.882]   VarsRead:
[01:11:08.883]     $__pfo_42aa2aeb9305_idx = $null
[01:11:08.883]     $__pfo_in_42aa2aeb9305 = $null
[01:11:08.884]   VarsWritten:
[01:11:08.884]     $__pfo_42aa2aeb9305_cur = $null
[01:11:08.884]   Error: Cannot index into a null array.
[01:11:08.889] --- Node 12 [OutputCaptureStart] ---
[01:11:08.889]   Code: Capture Process Output
[01:11:08.892]   Status: OK
[01:11:08.892]   Action: CaptureStart
[01:11:08.902] --- Node 16 [AssignmentStatementAst] ---
[01:11:08.902]   Code: $url = $__pfo_42aa2aeb9305_cur.Scheme + '://' + $__pfo_42aa2aeb9305_cur.Domain + $__pfo_42aa2aeb9305_cur.Path + '/' + $__pfo_42aa2aeb9305_cur.File
[01:11:08.985]   Status: OK
[01:11:08.985]   VarsRead:
[01:11:08.986]     $__pfo_42aa2aeb9305_cur = $null
[01:11:08.986]   VarsWritten:
[01:11:08.986]     $url = ":///"
[01:11:08.992] --- Node 17 [PipelineElement] ---
[01:11:08.992]   Code: Write-Host $url
[01:11:09.016]   Status: OK
[01:11:09.016]   VarsRead:
[01:11:09.017]     $url = $null
[01:11:09.024] --- Node 13 [OutputCaptureEnd] ---
[01:11:09.024]   Code: Append Process Output
[01:11:09.029]   Status: OK
[01:11:09.029]   Action: CaptureEnd
[01:11:09.030]   VarsWritten:
[01:11:09.033]     $__pfo_42aa2aeb9305_out = [Object[]] Count=0 @()
[01:11:09.039] --- Node 18 [ProcessIter] ---
[01:11:09.039]   Code: $__pfo_42aa2aeb9305_idx++
[01:11:09.054]   Status: OK
[01:11:09.055]   VarsRead:
[01:11:09.056]     $__pfo_42aa2aeb9305_idx = $null
[01:11:09.056]   VarsWritten:
[01:11:09.056]     $__pfo_42aa2aeb9305_idx = 1
[01:11:09.063] --- Node 9 [ProcessCondition] ---
[01:11:09.063]   Code: [bool]($__pfo_42aa2aeb9305_idx -lt $__pfo_in_42aa2aeb9305.Count)
[01:11:09.121]   Status: OK
[01:11:09.121]   VarsRead:
[01:11:09.122]     $__pfo_42aa2aeb9305_idx = $null
[01:11:09.122]     $__pfo_in_42aa2aeb9305 = $null
[01:11:09.122]   Result: True
[01:11:09.122]   ConditionResult: True
[01:11:09.129] --- Node 11 [ProcessBind] ---
[01:11:09.129]   Code: $__pfo_42aa2aeb9305_cur = $__pfo_in_42aa2aeb9305[$__pfo_42aa2aeb9305_idx]
[01:11:09.149]   Status: ERR
[01:11:09.149]   VarsRead:
[01:11:09.150]     $__pfo_42aa2aeb9305_idx = $null
[01:11:09.150]     $__pfo_in_42aa2aeb9305 = $null
[01:11:09.150]   VarsWritten:
[01:11:09.150]     $__pfo_42aa2aeb9305_cur = $null
[01:11:09.152]   Error: Cannot index into a null array.
[01:11:09.159] --- Node 12 [OutputCaptureStart] ---
[01:11:09.159]   Code: Capture Process Output
[01:11:09.162]   Status: OK
[01:11:09.162]   Action: CaptureStart
[01:11:09.167] --- Node 16 [AssignmentStatementAst] ---
[01:11:09.167]   Code: $url = $__pfo_42aa2aeb9305_cur.Scheme + '://' + $__pfo_42aa2aeb9305_cur.Domain + $__pfo_42aa2aeb9305_cur.Path + '/' + $__pfo_42aa2aeb9305_cur.File
[01:11:09.247]   Status: OK
[01:11:09.248]   VarsRead:
[01:11:09.249]     $__pfo_42aa2aeb9305_cur = $null
[01:11:09.249]   VarsWritten:
[01:11:09.249]     $url = ":///"
[01:11:09.254] --- Node 17 [PipelineElement] ---
[01:11:09.255]   Code: Write-Host $url
[01:11:09.273]   Status: OK
[01:11:09.273]   VarsRead:
[01:11:09.274]     $url = $null
[01:11:09.279] --- Node 13 [OutputCaptureEnd] ---
[01:11:09.279]   Code: Append Process Output
[01:11:09.285]   Status: OK
[01:11:09.285]   Action: CaptureEnd
[01:11:09.285]   VarsWritten:
[01:11:09.287]     $__pfo_42aa2aeb9305_out = [Object[]] Count=0 @()
[01:11:09.297] --- Node 18 [ProcessIter] ---
[01:11:09.297]   Code: $__pfo_42aa2aeb9305_idx++
[01:11:09.313]   Status: OK
[01:11:09.313]   VarsRead:
[01:11:09.314]     $__pfo_42aa2aeb9305_idx = $null
[01:11:09.315]   VarsWritten:
[01:11:09.315]     $__pfo_42aa2aeb9305_idx = 1
[01:11:09.320] --- Node 9 [ProcessCondition] ---
[01:11:09.320]   Code: [bool]($__pfo_42aa2aeb9305_idx -lt $__pfo_in_42aa2aeb9305.Count)
[01:11:09.370]   Status: OK
[01:11:09.370]   VarsRead:
[01:11:09.371]     $__pfo_42aa2aeb9305_idx = $null
[01:11:09.371]     $__pfo_in_42aa2aeb9305 = $null
[01:11:09.371]   Result: True
[01:11:09.371]   ConditionResult: True
[01:11:09.377] --- Node 11 [ProcessBind] ---
[01:11:09.377]   Code: $__pfo_42aa2aeb9305_cur = $__pfo_in_42aa2aeb9305[$__pfo_42aa2aeb9305_idx]
[01:11:09.402]   Status: ERR
[01:11:09.402]   VarsRead:
[01:11:09.403]     $__pfo_42aa2aeb9305_idx = $null
[01:11:09.403]     $__pfo_in_42aa2aeb9305 = $null
[01:11:09.403]   VarsWritten:
[01:11:09.403]     $__pfo_42aa2aeb9305_cur = $null
[01:11:09.403]   Error: Cannot index into a null array.
[01:11:09.409] --- Node 12 [OutputCaptureStart] ---
[01:11:09.410]   Code: Capture Process Output
[01:11:09.413]   Status: OK
[01:11:09.413]   Action: CaptureStart
[01:11:09.418] --- Node 16 [AssignmentStatementAst] ---
[01:11:09.418]   Code: $url = $__pfo_42aa2aeb9305_cur.Scheme + '://' + $__pfo_42aa2aeb9305_cur.Domain + $__pfo_42aa2aeb9305_cur.Path + '/' + $__pfo_42aa2aeb9305_cur.File
[01:11:09.498]   Status: OK
[01:11:09.499]   VarsRead:
[01:11:09.500]     $__pfo_42aa2aeb9305_cur = $null
[01:11:09.500]   VarsWritten:
[01:11:09.500]     $url = ":///"
[01:11:09.510] --- Node 17 [PipelineElement] ---
[01:11:09.510]   Code: Write-Host $url
[01:11:09.530]   Status: OK
[01:11:09.530]   VarsRead:
[01:11:09.531]     $url = $null
[01:11:09.537] --- Node 13 [OutputCaptureEnd] ---
[01:11:09.537]   Code: Append Process Output
[01:11:09.543]   Status: OK
[01:11:09.543]   Action: CaptureEnd
[01:11:09.543]   VarsWritten:
[01:11:09.546]     $__pfo_42aa2aeb9305_out = [Object[]] Count=0 @()
[01:11:09.552] --- Node 18 [ProcessIter] ---
[01:11:09.552]   Code: $__pfo_42aa2aeb9305_idx++
[01:11:09.577]   Status: OK
[01:11:09.577]   VarsRead:
[01:11:09.579]     $__pfo_42aa2aeb9305_idx = $null
[01:11:09.579]   VarsWritten:
[01:11:09.579]     $__pfo_42aa2aeb9305_idx = 1
[01:11:09.585] --- Node 9 [ProcessCondition] ---
[01:11:09.585]   Code: [bool]($__pfo_42aa2aeb9305_idx -lt $__pfo_in_42aa2aeb9305.Count)
[01:11:09.635]   Status: OK
[01:11:09.635]   VarsRead:
[01:11:09.636]     $__pfo_42aa2aeb9305_idx = $null
[01:11:09.636]     $__pfo_in_42aa2aeb9305 = $null
[01:11:09.636]   Result: True
[01:11:09.637]   ConditionResult: True
[01:11:09.643] --- Node 11 [ProcessBind] ---
[01:11:09.643]   Code: $__pfo_42aa2aeb9305_cur = $__pfo_in_42aa2aeb9305[$__pfo_42aa2aeb9305_idx]
[01:11:09.663]   Status: ERR
[01:11:09.664]   VarsRead:
[01:11:09.665]     $__pfo_42aa2aeb9305_idx = $null
[01:11:09.665]     $__pfo_in_42aa2aeb9305 = $null
[01:11:09.665]   VarsWritten:
[01:11:09.665]     $__pfo_42aa2aeb9305_cur = $null
[01:11:09.665]   Error: Cannot index into a null array.
[01:11:09.678] --- Node 12 [OutputCaptureStart] ---
[01:11:09.679]   Code: Capture Process Output
[01:11:09.681]   Status: OK
[01:11:09.681]   Action: CaptureStart
[01:11:09.688] --- Node 16 [AssignmentStatementAst] ---
[01:11:09.688]   Code: $url = $__pfo_42aa2aeb9305_cur.Scheme + '://' + $__pfo_42aa2aeb9305_cur.Domain + $__pfo_42aa2aeb9305_cur.Path + '/' + $__pfo_42aa2aeb9305_cur.File
[01:11:09.768]   Status: OK
[01:11:09.770]   VarsRead:
[01:11:09.771]     $__pfo_42aa2aeb9305_cur = $null
[01:11:09.771]   VarsWritten:
[01:11:09.771]     $url = ":///"
[01:11:09.786] --- Node 17 [PipelineElement] ---
[01:11:09.786]   Code: Write-Host $url
[01:11:09.806]   Status: OK
[01:11:09.806]   VarsRead:
[01:11:09.807]     $url = $null
[01:11:09.812] --- Node 13 [OutputCaptureEnd] ---
[01:11:09.813]   Code: Append Process Output
[01:11:09.817]   Status: OK
[01:11:09.817]   Action: CaptureEnd
[01:11:09.817]   VarsWritten:
[01:11:09.819]     $__pfo_42aa2aeb9305_out = [Object[]] Count=0 @()
[01:11:09.825] --- Node 18 [ProcessIter] ---
[01:11:09.825]   Code: $__pfo_42aa2aeb9305_idx++
[01:11:09.841]   Status: OK
[01:11:09.841]   VarsRead:
[01:11:09.842]     $__pfo_42aa2aeb9305_idx = $null
[01:11:09.842]   VarsWritten:
[01:11:09.843]     $__pfo_42aa2aeb9305_idx = 1
[01:11:09.848] --- Node 9 [ProcessCondition] ---
[01:11:09.848]   Code: [bool]($__pfo_42aa2aeb9305_idx -lt $__pfo_in_42aa2aeb9305.Count)
[01:11:09.902]   Status: OK
[01:11:09.903]   VarsRead:
[01:11:09.903]     $__pfo_42aa2aeb9305_idx = $null
[01:11:09.904]     $__pfo_in_42aa2aeb9305 = $null
[01:11:09.904]   Result: True
[01:11:09.904]   ConditionResult: True
[01:11:09.910] --- Node 11 [ProcessBind] ---
[01:11:09.910]   Code: $__pfo_42aa2aeb9305_cur = $__pfo_in_42aa2aeb9305[$__pfo_42aa2aeb9305_idx]
[01:11:09.932]   Status: ERR
[01:11:09.932]   VarsRead:
[01:11:09.933]     $__pfo_42aa2aeb9305_idx = $null
[01:11:09.933]     $__pfo_in_42aa2aeb9305 = $null
[01:11:09.933]   VarsWritten:
[01:11:09.933]     $__pfo_42aa2aeb9305_cur = $null
[01:11:09.933]   Error: Cannot index into a null array.
[01:11:09.938] --- Node 12 [OutputCaptureStart] ---
[01:11:09.938]   Code: Capture Process Output
[01:11:09.940]   Status: OK
[01:11:09.941]   Action: CaptureStart
[01:11:09.946] --- Node 16 [AssignmentStatementAst] ---
[01:11:09.946]   Code: $url = $__pfo_42aa2aeb9305_cur.Scheme + '://' + $__pfo_42aa2aeb9305_cur.Domain + $__pfo_42aa2aeb9305_cur.Path + '/' + $__pfo_42aa2aeb9305_cur.File
[01:11:10.029]   Status: OK
[01:11:10.029]   VarsRead:
[01:11:10.030]     $__pfo_42aa2aeb9305_cur = $null
[01:11:10.030]   VarsWritten:
[01:11:10.030]     $url = ":///"
[01:11:10.035] --- Node 17 [PipelineElement] ---
[01:11:10.035]   Code: Write-Host $url
[01:11:10.054]   Status: OK
[01:11:10.054]   VarsRead:
[01:11:10.055]     $url = $null
[01:11:10.067] --- Node 13 [OutputCaptureEnd] ---
[01:11:10.068]   Code: Append Process Output
[01:11:10.074]   Status: OK
[01:11:10.074]   Action: CaptureEnd
[01:11:10.074]   VarsWritten:
[01:11:10.076]     $__pfo_42aa2aeb9305_out = [Object[]] Count=0 @()
[01:11:10.082] --- Node 18 [ProcessIter] ---
[01:11:10.082]   Code: $__pfo_42aa2aeb9305_idx++
[01:11:10.100]   Status: OK
[01:11:10.100]   VarsRead:
[01:11:10.101]     $__pfo_42aa2aeb9305_idx = $null
[01:11:10.101]   VarsWritten:
[01:11:10.101]     $__pfo_42aa2aeb9305_idx = 1
[01:11:10.106] --- Node 9 [ProcessCondition] ---
[01:11:10.106]   Code: [bool]($__pfo_42aa2aeb9305_idx -lt $__pfo_in_42aa2aeb9305.Count)
[01:11:10.158]   Status: OK
[01:11:10.158]   VarsRead:
[01:11:10.159]     $__pfo_42aa2aeb9305_idx = $null
[01:11:10.159]     $__pfo_in_42aa2aeb9305 = $null
[01:11:10.160]   Result: True
[01:11:10.160]   ConditionResult: True
[01:11:10.173] --- Node 11 [ProcessBind] ---
[01:11:10.173]   Code: $__pfo_42aa2aeb9305_cur = $__pfo_in_42aa2aeb9305[$__pfo_42aa2aeb9305_idx]
[01:11:10.195]   Status: ERR
[01:11:10.195]   VarsRead:
[01:11:10.196]     $__pfo_42aa2aeb9305_idx = $null
[01:11:10.196]     $__pfo_in_42aa2aeb9305 = $null
[01:11:10.196]   VarsWritten:
[01:11:10.196]     $__pfo_42aa2aeb9305_cur = $null
[01:11:10.197]   Error: Cannot index into a null array.
[01:11:10.203] --- Node 12 [OutputCaptureStart] ---
[01:11:10.203]   Code: Capture Process Output
[01:11:10.205]   Status: OK
[01:11:10.205]   Action: CaptureStart
[01:11:10.212] --- Node 16 [AssignmentStatementAst] ---
[01:11:10.212]   Code: $url = $__pfo_42aa2aeb9305_cur.Scheme + '://' + $__pfo_42aa2aeb9305_cur.Domain + $__pfo_42aa2aeb9305_cur.Path + '/' + $__pfo_42aa2aeb9305_cur.File
[01:11:10.298]   Status: OK
[01:11:10.299]   VarsRead:
[01:11:10.300]     $__pfo_42aa2aeb9305_cur = $null
[01:11:10.300]   VarsWritten:
[01:11:10.300]     $url = ":///"
[01:11:10.305] --- Node 17 [PipelineElement] ---
[01:11:10.306]   Code: Write-Host $url
[01:11:10.323]   Status: OK
[01:11:10.323]   VarsRead:
[01:11:10.326]     $url = $null
[01:11:10.331] --- Node 13 [OutputCaptureEnd] ---
[01:11:10.332]   Code: Append Process Output
[01:11:10.337]   Status: OK
[01:11:10.337]   Action: CaptureEnd
[01:11:10.337]   VarsWritten:
[01:11:10.340]     $__pfo_42aa2aeb9305_out = [Object[]] Count=0 @()
[01:11:10.345] --- Node 18 [ProcessIter] ---
[01:11:10.345]   Code: $__pfo_42aa2aeb9305_idx++
[01:11:10.362]   Status: OK
[01:11:10.362]   VarsRead:
[01:11:10.363]     $__pfo_42aa2aeb9305_idx = $null
[01:11:10.363]   VarsWritten:
[01:11:10.363]     $__pfo_42aa2aeb9305_idx = 1
[01:11:10.373] --- Node 9 [ProcessCondition] ---
[01:11:10.373]   Code: [bool]($__pfo_42aa2aeb9305_idx -lt $__pfo_in_42aa2aeb9305.Count)
[01:11:10.427]   Status: OK
[01:11:10.428]   VarsRead:
[01:11:10.428]     $__pfo_42aa2aeb9305_idx = $null
[01:11:10.429]     $__pfo_in_42aa2aeb9305 = $null
[01:11:10.429]   Result: True
[01:11:10.429]   ConditionResult: True
[01:11:10.435] --- Node 11 [ProcessBind] ---
[01:11:10.435]   Code: $__pfo_42aa2aeb9305_cur = $__pfo_in_42aa2aeb9305[$__pfo_42aa2aeb9305_idx]
[01:11:10.454]   Status: ERR
[01:11:10.455]   VarsRead:
[01:11:10.456]     $__pfo_42aa2aeb9305_idx = $null
[01:11:10.456]     $__pfo_in_42aa2aeb9305 = $null
[01:11:10.456]   VarsWritten:
[01:11:10.456]     $__pfo_42aa2aeb9305_cur = $null
[01:11:10.456]   Error: Cannot index into a null array.
[01:11:10.469] --- Node 12 [OutputCaptureStart] ---
[01:11:10.469]   Code: Capture Process Output
[01:11:10.473]   Status: OK
[01:11:10.473]   Action: CaptureStart
[01:11:10.479] --- Node 16 [AssignmentStatementAst] ---
[01:11:10.479]   Code: $url = $__pfo_42aa2aeb9305_cur.Scheme + '://' + $__pfo_42aa2aeb9305_cur.Domain + $__pfo_42aa2aeb9305_cur.Path + '/' + $__pfo_42aa2aeb9305_cur.File
[01:11:10.555]   Status: OK
[01:11:10.555]   VarsRead:
[01:11:10.556]     $__pfo_42aa2aeb9305_cur = $null
[01:11:10.556]   VarsWritten:
[01:11:10.556]     $url = ":///"
[01:11:10.569] --- Node 17 [PipelineElement] ---
[01:11:10.569]   Code: Write-Host $url
[01:11:10.588]   Status: OK
[01:11:10.588]   VarsRead:
[01:11:10.589]     $url = $null
[01:11:10.595] --- Node 13 [OutputCaptureEnd] ---
[01:11:10.595]   Code: Append Process Output
[01:11:10.599]   Status: OK
[01:11:10.599]   Action: CaptureEnd
[01:11:10.599]   VarsWritten:
[01:11:10.601]     $__pfo_42aa2aeb9305_out = [Object[]] Count=0 @()
[01:11:10.607] --- Node 18 [ProcessIter] ---
[01:11:10.607]   Code: $__pfo_42aa2aeb9305_idx++
[01:11:10.624]   Status: OK
[01:11:10.625]   VarsRead:
[01:11:10.625]     $__pfo_42aa2aeb9305_idx = $null
[01:11:10.626]   VarsWritten:
[01:11:10.626]     $__pfo_42aa2aeb9305_idx = 1
[01:11:10.631] --- Node 9 [ProcessCondition] ---
[01:11:10.631]   Code: [bool]($__pfo_42aa2aeb9305_idx -lt $__pfo_in_42aa2aeb9305.Count)
[01:11:10.685]   Status: OK
[01:11:10.685]   VarsRead:
[01:11:10.686]     $__pfo_42aa2aeb9305_idx = $null
[01:11:10.686]     $__pfo_in_42aa2aeb9305 = $null
[01:11:10.686]   Result: True
[01:11:10.686]   ConditionResult: True
[01:11:10.693] --- Node 11 [ProcessBind] ---
[01:11:10.693]   Code: $__pfo_42aa2aeb9305_cur = $__pfo_in_42aa2aeb9305[$__pfo_42aa2aeb9305_idx]
[01:11:10.713]   Status: ERR
[01:11:10.713]   VarsRead:
[01:11:10.714]     $__pfo_42aa2aeb9305_idx = $null
[01:11:10.714]     $__pfo_in_42aa2aeb9305 = $null
[01:11:10.714]   VarsWritten:
[01:11:10.714]     $__pfo_42aa2aeb9305_cur = $null
[01:11:10.714]   Error: Cannot index into a null array.
[01:11:10.719] --- Node 12 [OutputCaptureStart] ---
[01:11:10.719]   Code: Capture Process Output
[01:11:10.722]   Status: OK
[01:11:10.722]   Action: CaptureStart
[01:11:10.728] --- Node 16 [AssignmentStatementAst] ---
[01:11:10.728]   Code: $url = $__pfo_42aa2aeb9305_cur.Scheme + '://' + $__pfo_42aa2aeb9305_cur.Domain + $__pfo_42aa2aeb9305_cur.Path + '/' + $__pfo_42aa2aeb9305_cur.File
[01:11:10.812]   Status: OK
[01:11:10.812]   VarsRead:
[01:11:10.813]     $__pfo_42aa2aeb9305_cur = $null
[01:11:10.814]   VarsWritten:
[01:11:10.814]     $url = ":///"
[01:11:10.820] --- Node 17 [PipelineElement] ---
[01:11:10.820]   Code: Write-Host $url
[01:11:10.840]   Status: OK
[01:11:10.840]   VarsRead:
[01:11:10.841]     $url = $null
[01:11:10.847] --- Node 13 [OutputCaptureEnd] ---
[01:11:10.847]   Code: Append Process Output
[01:11:10.852]   Status: OK
[01:11:10.852]   Action: CaptureEnd
[01:11:10.855]   VarsWritten:
[01:11:10.857]     $__pfo_42aa2aeb9305_out = [Object[]] Count=0 @()
[01:11:10.863] --- Node 18 [ProcessIter] ---
[01:11:10.865]   Code: $__pfo_42aa2aeb9305_idx++
[01:11:10.880]   Status: OK
[01:11:10.880]   VarsRead:
[01:11:10.881]     $__pfo_42aa2aeb9305_idx = $null
[01:11:10.881]   VarsWritten:
[01:11:10.882]     $__pfo_42aa2aeb9305_idx = 1
[01:11:10.887] --- Node 9 [ProcessCondition] ---
[01:11:10.887]   Code: [bool]($__pfo_42aa2aeb9305_idx -lt $__pfo_in_42aa2aeb9305.Count)
[01:11:10.938]   Status: OK
[01:11:10.938]   VarsRead:
[01:11:10.939]     $__pfo_42aa2aeb9305_idx = $null
[01:11:10.939]     $__pfo_in_42aa2aeb9305 = $null
[01:11:10.939]   Result: True
[01:11:10.939]   ConditionResult: True
[01:11:10.954] --- Node 11 [ProcessBind] ---
[01:11:10.954]   Code: $__pfo_42aa2aeb9305_cur = $__pfo_in_42aa2aeb9305[$__pfo_42aa2aeb9305_idx]
[01:11:10.975]   Status: ERR
[01:11:10.975]   VarsRead:
[01:11:10.976]     $__pfo_42aa2aeb9305_idx = $null
[01:11:10.976]     $__pfo_in_42aa2aeb9305 = $null
[01:11:10.976]   VarsWritten:
[01:11:10.977]     $__pfo_42aa2aeb9305_cur = $null
[01:11:10.977]   Error: Cannot index into a null array.
[01:11:10.982] --- Node 12 [OutputCaptureStart] ---
[01:11:10.983]   Code: Capture Process Output
[01:11:10.985]   Status: OK
[01:11:10.985]   Action: CaptureStart
[01:11:10.990] --- Node 16 [AssignmentStatementAst] ---
[01:11:10.990]   Code: $url = $__pfo_42aa2aeb9305_cur.Scheme + '://' + $__pfo_42aa2aeb9305_cur.Domain + $__pfo_42aa2aeb9305_cur.Path + '/' + $__pfo_42aa2aeb9305_cur.File
[01:11:11.072]   Status: OK
[01:11:11.072]   VarsRead:
[01:11:11.073]     $__pfo_42aa2aeb9305_cur = $null
[01:11:11.073]   VarsWritten:
[01:11:11.073]     $url = ":///"
[01:11:11.079] --- Node 17 [PipelineElement] ---
[01:11:11.079]   Code: Write-Host $url
[01:11:11.101]   Status: OK
[01:11:11.101]   VarsRead:
[01:11:11.102]     $url = $null
[01:11:11.108] --- Node 13 [OutputCaptureEnd] ---
[01:11:11.108]   Code: Append Process Output
[01:11:11.112]   Status: OK
[01:11:11.112]   Action: CaptureEnd
[01:11:11.112]   VarsWritten:
[01:11:11.114]     $__pfo_42aa2aeb9305_out = [Object[]] Count=0 @()
[01:11:11.120] --- Node 18 [ProcessIter] ---
[01:11:11.120]   Code: $__pfo_42aa2aeb9305_idx++
[01:11:11.135]   Status: OK
[01:11:11.135]   VarsRead:
[01:11:11.136]     $__pfo_42aa2aeb9305_idx = $null
[01:11:11.136]   VarsWritten:
[01:11:11.136]     $__pfo_42aa2aeb9305_idx = 1
[01:11:11.146] --- Node 9 [ProcessCondition] ---
[01:11:11.146]   Code: [bool]($__pfo_42aa2aeb9305_idx -lt $__pfo_in_42aa2aeb9305.Count)
[01:11:11.199]   Status: OK
[01:11:11.199]   VarsRead:
[01:11:11.200]     $__pfo_42aa2aeb9305_idx = $null
[01:11:11.200]     $__pfo_in_42aa2aeb9305 = $null
[01:11:11.200]   Result: True
[01:11:11.200]   ConditionResult: True
[01:11:11.207] --- Node 11 [ProcessBind] ---
[01:11:11.207]   Code: $__pfo_42aa2aeb9305_cur = $__pfo_in_42aa2aeb9305[$__pfo_42aa2aeb9305_idx]
[01:11:11.227]   Status: ERR
[01:11:11.227]   VarsRead:
[01:11:11.228]     $__pfo_42aa2aeb9305_idx = $null
[01:11:11.228]     $__pfo_in_42aa2aeb9305 = $null
[01:11:11.228]   VarsWritten:
[01:11:11.228]     $__pfo_42aa2aeb9305_cur = $null
[01:11:11.228]   Error: Cannot index into a null array.
[01:11:11.233] --- Node 12 [OutputCaptureStart] ---
[01:11:11.233]   Code: Capture Process Output
[01:11:11.239]   Status: OK
[01:11:11.239]   Action: CaptureStart
[01:11:11.245] --- Node 16 [AssignmentStatementAst] ---
[01:11:11.246]   Code: $url = $__pfo_42aa2aeb9305_cur.Scheme + '://' + $__pfo_42aa2aeb9305_cur.Domain + $__pfo_42aa2aeb9305_cur.Path + '/' + $__pfo_42aa2aeb9305_cur.File
[01:11:11.318]   Status: OK
[01:11:11.318]   VarsRead:
[01:11:11.319]     $__pfo_42aa2aeb9305_cur = $null
[01:11:11.320]   VarsWritten:
[01:11:11.320]     $url = ":///"
[01:11:11.325] --- Node 17 [PipelineElement] ---
[01:11:11.325]   Code: Write-Host $url
[01:11:11.350]   Status: OK
[01:11:11.350]   VarsRead:
[01:11:11.351]     $url = $null
[01:11:11.356] --- Node 13 [OutputCaptureEnd] ---
[01:11:11.356]   Code: Append Process Output
[01:11:11.361]   Status: OK
[01:11:11.362]   Action: CaptureEnd
[01:11:11.362]   VarsWritten:
[01:11:11.364]     $__pfo_42aa2aeb9305_out = [Object[]] Count=0 @()
[01:11:11.369] --- Node 18 [ProcessIter] ---
[01:11:11.369]   Code: $__pfo_42aa2aeb9305_idx++
[01:11:11.386]   Status: OK
[01:11:11.386]   VarsRead:
[01:11:11.387]     $__pfo_42aa2aeb9305_idx = $null
[01:11:11.387]   VarsWritten:
[01:11:11.388]     $__pfo_42aa2aeb9305_idx = 1
[01:11:11.393] --- Node 9 [ProcessCondition] ---
[01:11:11.394]   Code: [bool]($__pfo_42aa2aeb9305_idx -lt $__pfo_in_42aa2aeb9305.Count)
[01:11:11.446]   Status: OK
[01:11:11.446]   VarsRead:
[01:11:11.447]     $__pfo_42aa2aeb9305_idx = $null
[01:11:11.447]     $__pfo_in_42aa2aeb9305 = $null
[01:11:11.448]   Result: True
[01:11:11.448]   ConditionResult: True
[01:11:11.454] --- Node 11 [ProcessBind] ---
[01:11:11.454]   Code: $__pfo_42aa2aeb9305_cur = $__pfo_in_42aa2aeb9305[$__pfo_42aa2aeb9305_idx]
[01:11:11.474]   Status: ERR
[01:11:11.475]   VarsRead:
[01:11:11.476]     $__pfo_42aa2aeb9305_idx = $null
[01:11:11.476]     $__pfo_in_42aa2aeb9305 = $null
[01:11:11.476]   VarsWritten:
[01:11:11.476]     $__pfo_42aa2aeb9305_cur = $null
[01:11:11.476]   Error: Cannot index into a null array.
[01:11:11.481] --- Node 12 [OutputCaptureStart] ---
[01:11:11.482]   Code: Capture Process Output
[01:11:11.484]   Status: OK
[01:11:11.484]   Action: CaptureStart
[01:11:11.490] --- Node 16 [AssignmentStatementAst] ---
[01:11:11.490]   Code: $url = $__pfo_42aa2aeb9305_cur.Scheme + '://' + $__pfo_42aa2aeb9305_cur.Domain + $__pfo_42aa2aeb9305_cur.Path + '/' + $__pfo_42aa2aeb9305_cur.File
[01:11:11.570]   Status: OK
[01:11:11.570]   VarsRead:
[01:11:11.571]     $__pfo_42aa2aeb9305_cur = $null
[01:11:11.572]   VarsWritten:
[01:11:11.572]     $url = ":///"
[01:11:11.579] --- Node 17 [PipelineElement] ---
[01:11:11.579]   Code: Write-Host $url
[01:11:11.600]   Status: OK
[01:11:11.600]   VarsRead:
[01:11:11.601]     $url = $null
[01:11:11.606] --- Node 13 [OutputCaptureEnd] ---
[01:11:11.606]   Code: Append Process Output
[01:11:11.611]   Status: OK
[01:11:11.611]   Action: CaptureEnd
[01:11:11.611]   VarsWritten:
[01:11:11.614]     $__pfo_42aa2aeb9305_out = [Object[]] Count=0 @()
[01:11:11.622] --- Node 18 [ProcessIter] ---
[01:11:11.623]   Code: $__pfo_42aa2aeb9305_idx++
[01:11:11.638]   Status: OK
[01:11:11.638]   VarsRead:
[01:11:11.639]     $__pfo_42aa2aeb9305_idx = $null
[01:11:11.639]   VarsWritten:
[01:11:11.639]     $__pfo_42aa2aeb9305_idx = 1
[01:11:11.645] --- Node 9 [ProcessCondition] ---
[01:11:11.645]   Code: [bool]($__pfo_42aa2aeb9305_idx -lt $__pfo_in_42aa2aeb9305.Count)
[01:11:11.695]   Status: OK
[01:11:11.695]   VarsRead:
[01:11:11.696]     $__pfo_42aa2aeb9305_idx = $null
[01:11:11.696]     $__pfo_in_42aa2aeb9305 = $null
[01:11:11.696]   Result: True
[01:11:11.696]   ConditionResult: True
[01:11:11.702] --- Node 11 [ProcessBind] ---
[01:11:11.703]   Code: $__pfo_42aa2aeb9305_cur = $__pfo_in_42aa2aeb9305[$__pfo_42aa2aeb9305_idx]
[01:11:11.727]   Status: ERR
[01:11:11.727]   VarsRead:
[01:11:11.728]     $__pfo_42aa2aeb9305_idx = $null
[01:11:11.728]     $__pfo_in_42aa2aeb9305 = $null
[01:11:11.728]   VarsWritten:
[01:11:11.729]     $__pfo_42aa2aeb9305_cur = $null
[01:11:11.729]   Error: Cannot index into a null array.
[01:11:11.734] --- Node 12 [OutputCaptureStart] ---
[01:11:11.734]   Code: Capture Process Output
[01:11:11.737]   Status: OK
[01:11:11.737]   Action: CaptureStart
[01:11:11.743] --- Node 16 [AssignmentStatementAst] ---
[01:11:11.743]   Code: $url = $__pfo_42aa2aeb9305_cur.Scheme + '://' + $__pfo_42aa2aeb9305_cur.Domain + $__pfo_42aa2aeb9305_cur.Path + '/' + $__pfo_42aa2aeb9305_cur.File
[01:11:11.834]   Status: OK
[01:11:11.834]   VarsRead:
[01:11:11.835]     $__pfo_42aa2aeb9305_cur = $null
[01:11:11.835]   VarsWritten:
[01:11:11.836]     $url = ":///"
[01:11:11.843] --- Node 17 [PipelineElement] ---
[01:11:11.843]   Code: Write-Host $url
[01:11:11.864]   Status: OK
[01:11:11.864]   VarsRead:
[01:11:11.865]     $url = $null
[01:11:11.871] --- Node 13 [OutputCaptureEnd] ---
[01:11:11.871]   Code: Append Process Output
[01:11:11.876]   Status: OK
[01:11:11.876]   Action: CaptureEnd
[01:11:11.876]   VarsWritten:
[01:11:11.878]     $__pfo_42aa2aeb9305_out = [Object[]] Count=0 @()
[01:11:11.884] --- Node 18 [ProcessIter] ---
[01:11:11.884]   Code: $__pfo_42aa2aeb9305_idx++
[01:11:11.903]   Status: OK
[01:11:11.903]   VarsRead:
[01:11:11.904]     $__pfo_42aa2aeb9305_idx = $null
[01:11:11.904]   VarsWritten:
[01:11:11.904]     $__pfo_42aa2aeb9305_idx = 1
[01:11:11.920] --- Node 9 [ProcessCondition] ---
[01:11:11.920]   Code: [bool]($__pfo_42aa2aeb9305_idx -lt $__pfo_in_42aa2aeb9305.Count)
[01:11:11.974]   Status: OK
[01:11:11.975]   VarsRead:
[01:11:11.976]     $__pfo_42aa2aeb9305_idx = $null
[01:11:11.976]     $__pfo_in_42aa2aeb9305 = $null
[01:11:11.976]   Result: True
[01:11:11.976]   ConditionResult: True
[01:11:11.983] --- Node 11 [ProcessBind] ---
[01:11:11.983]   Code: $__pfo_42aa2aeb9305_cur = $__pfo_in_42aa2aeb9305[$__pfo_42aa2aeb9305_idx]
[01:11:12.005]   Status: ERR
[01:11:12.006]   VarsRead:
[01:11:12.006]     $__pfo_42aa2aeb9305_idx = $null
[01:11:12.007]     $__pfo_in_42aa2aeb9305 = $null
[01:11:12.007]   VarsWritten:
[01:11:12.007]     $__pfo_42aa2aeb9305_cur = $null
[01:11:12.007]   Error: Cannot index into a null array.
[01:11:12.014] --- Node 12 [OutputCaptureStart] ---
[01:11:12.014]   Code: Capture Process Output
[01:11:12.017]   Status: OK
[01:11:12.017]   Action: CaptureStart
[01:11:12.027] --- Node 16 [AssignmentStatementAst] ---
[01:11:12.027]   Code: $url = $__pfo_42aa2aeb9305_cur.Scheme + '://' + $__pfo_42aa2aeb9305_cur.Domain + $__pfo_42aa2aeb9305_cur.Path + '/' + $__pfo_42aa2aeb9305_cur.File
[01:11:12.101]   Status: OK
[01:11:12.101]   VarsRead:
[01:11:12.102]     $__pfo_42aa2aeb9305_cur = $null
[01:11:12.102]   VarsWritten:
[01:11:12.102]     $url = ":///"
[01:11:12.108] --- Node 17 [PipelineElement] ---
[01:11:12.108]   Code: Write-Host $url
[01:11:12.130]   Status: OK
[01:11:12.131]   VarsRead:
[01:11:12.131]     $url = $null
[01:11:12.137] --- Node 13 [OutputCaptureEnd] ---
[01:11:12.138]   Code: Append Process Output
[01:11:12.142]   Status: OK
[01:11:12.142]   Action: CaptureEnd
[01:11:12.142]   VarsWritten:
[01:11:12.144]     $__pfo_42aa2aeb9305_out = [Object[]] Count=0 @()
[01:11:12.150] --- Node 18 [ProcessIter] ---
[01:11:12.150]   Code: $__pfo_42aa2aeb9305_idx++
[01:11:12.167]   Status: OK
[01:11:12.167]   VarsRead:
[01:11:12.168]     $__pfo_42aa2aeb9305_idx = $null
[01:11:12.168]   VarsWritten:
[01:11:12.168]     $__pfo_42aa2aeb9305_idx = 1
[01:11:12.174] --- Node 9 [ProcessCondition] ---
[01:11:12.174]   Code: [bool]($__pfo_42aa2aeb9305_idx -lt $__pfo_in_42aa2aeb9305.Count)
[01:11:12.230]   Status: OK
[01:11:12.230]   VarsRead:
[01:11:12.231]     $__pfo_42aa2aeb9305_idx = $null
[01:11:12.231]     $__pfo_in_42aa2aeb9305 = $null
[01:11:12.231]   Result: True
[01:11:12.231]   ConditionResult: True
[01:11:12.237] --- Node 11 [ProcessBind] ---
[01:11:12.237]   Code: $__pfo_42aa2aeb9305_cur = $__pfo_in_42aa2aeb9305[$__pfo_42aa2aeb9305_idx]
[01:11:12.258]   Status: ERR
[01:11:12.259]   VarsRead:
[01:11:12.260]     $__pfo_42aa2aeb9305_idx = $null
[01:11:12.260]     $__pfo_in_42aa2aeb9305 = $null
[01:11:12.260]   VarsWritten:
[01:11:12.260]     $__pfo_42aa2aeb9305_cur = $null
[01:11:12.260]   Error: Cannot index into a null array.
[01:11:12.267] --- Node 12 [OutputCaptureStart] ---
[01:11:12.267]   Code: Capture Process Output
[01:11:12.270]   Status: OK
[01:11:12.270]   Action: CaptureStart
[01:11:12.275] --- Node 16 [AssignmentStatementAst] ---
[01:11:12.275]   Code: $url = $__pfo_42aa2aeb9305_cur.Scheme + '://' + $__pfo_42aa2aeb9305_cur.Domain + $__pfo_42aa2aeb9305_cur.Path + '/' + $__pfo_42aa2aeb9305_cur.File
[01:11:12.354]   Status: OK
[01:11:12.354]   VarsRead:
[01:11:12.355]     $__pfo_42aa2aeb9305_cur = $null
[01:11:12.355]   VarsWritten:
[01:11:12.355]     $url = ":///"
[01:11:12.361] --- Node 17 [PipelineElement] ---
[01:11:12.361]   Code: Write-Host $url
[01:11:12.378]   Status: OK
[01:11:12.378]   VarsRead:
[01:11:12.379]     $url = $null
[01:11:12.385] --- Node 13 [OutputCaptureEnd] ---
[01:11:12.385]   Code: Append Process Output
[01:11:12.390]   Status: OK
[01:11:12.390]   Action: CaptureEnd
[01:11:12.390]   VarsWritten:
[01:11:12.392]     $__pfo_42aa2aeb9305_out = [Object[]] Count=0 @()
[01:11:12.401] --- Node 18 [ProcessIter] ---
[01:11:12.401]   Code: $__pfo_42aa2aeb9305_idx++
[01:11:12.417]   Status: OK
[01:11:12.417]   VarsRead:
[01:11:12.418]     $__pfo_42aa2aeb9305_idx = $null
[01:11:12.418]   VarsWritten:
[01:11:12.418]     $__pfo_42aa2aeb9305_idx = 1
[01:11:12.424] --- Node 9 [ProcessCondition] ---
[01:11:12.424]   Code: [bool]($__pfo_42aa2aeb9305_idx -lt $__pfo_in_42aa2aeb9305.Count)
[01:11:12.476]   Status: OK
[01:11:12.477]   VarsRead:
[01:11:12.478]     $__pfo_42aa2aeb9305_idx = $null
[01:11:12.478]     $__pfo_in_42aa2aeb9305 = $null
[01:11:12.478]   Result: True
[01:11:12.478]   ConditionResult: True
[01:11:12.484] --- Node 11 [ProcessBind] ---
[01:11:12.484]   Code: $__pfo_42aa2aeb9305_cur = $__pfo_in_42aa2aeb9305[$__pfo_42aa2aeb9305_idx]
[01:11:12.507]   Status: ERR
[01:11:12.507]   VarsRead:
[01:11:12.508]     $__pfo_42aa2aeb9305_idx = $null
[01:11:12.508]     $__pfo_in_42aa2aeb9305 = $null
[01:11:12.509]   VarsWritten:
[01:11:12.509]     $__pfo_42aa2aeb9305_cur = $null
[01:11:12.509]   Error: Cannot index into a null array.
[01:11:12.515] --- Node 12 [OutputCaptureStart] ---
[01:11:12.517]   Code: Capture Process Output
[01:11:12.519]   Status: OK
[01:11:12.519]   Action: CaptureStart
[01:11:12.525] --- Node 16 [AssignmentStatementAst] ---
[01:11:12.525]   Code: $url = $__pfo_42aa2aeb9305_cur.Scheme + '://' + $__pfo_42aa2aeb9305_cur.Domain + $__pfo_42aa2aeb9305_cur.Path + '/' + $__pfo_42aa2aeb9305_cur.File
[01:11:12.602]   Status: OK
[01:11:12.602]   VarsRead:
[01:11:12.604]     $__pfo_42aa2aeb9305_cur = $null
[01:11:12.604]   VarsWritten:
[01:11:12.604]     $url = ":///"
[01:11:12.611] --- Node 17 [PipelineElement] ---
[01:11:12.611]   Code: Write-Host $url
[01:11:12.631]   Status: OK
[01:11:12.631]   VarsRead:
[01:11:12.632]     $url = $null
[01:11:12.638] --- Node 13 [OutputCaptureEnd] ---
[01:11:12.639]   Code: Append Process Output
[01:11:12.643]   Status: OK
[01:11:12.643]   Action: CaptureEnd
[01:11:12.643]   VarsWritten:
[01:11:12.645]     $__pfo_42aa2aeb9305_out = [Object[]] Count=0 @()
[01:11:12.651] --- Node 18 [ProcessIter] ---
[01:11:12.651]   Code: $__pfo_42aa2aeb9305_idx++
[01:11:12.667]   Status: OK
[01:11:12.667]   VarsRead:
[01:11:12.668]     $__pfo_42aa2aeb9305_idx = $null
[01:11:12.668]   VarsWritten:
[01:11:12.668]     $__pfo_42aa2aeb9305_idx = 1
[01:11:12.680] --- Node 9 [ProcessCondition] ---
[01:11:12.681]   Code: [bool]($__pfo_42aa2aeb9305_idx -lt $__pfo_in_42aa2aeb9305.Count)
[01:11:12.731]   Status: OK
[01:11:12.731]   VarsRead:
[01:11:12.732]     $__pfo_42aa2aeb9305_idx = $null
[01:11:12.732]     $__pfo_in_42aa2aeb9305 = $null
[01:11:12.732]   Result: True
[01:11:12.733]   ConditionResult: True
[01:11:12.738] --- Node 11 [ProcessBind] ---
[01:11:12.738]   Code: $__pfo_42aa2aeb9305_cur = $__pfo_in_42aa2aeb9305[$__pfo_42aa2aeb9305_idx]
[01:11:12.761]   Status: ERR
[01:11:12.761]   VarsRead:
[01:11:12.763]     $__pfo_42aa2aeb9305_idx = $null
[01:11:12.763]     $__pfo_in_42aa2aeb9305 = $null
[01:11:12.763]   VarsWritten:
[01:11:12.763]     $__pfo_42aa2aeb9305_cur = $null
[01:11:12.763]   Error: Cannot index into a null array.
[01:11:12.769] --- Node 12 [OutputCaptureStart] ---
[01:11:12.769]   Code: Capture Process Output
[01:11:12.772]   Status: OK
[01:11:12.772]   Action: CaptureStart
[01:11:12.783] --- Node 16 [AssignmentStatementAst] ---
[01:11:12.783]   Code: $url = $__pfo_42aa2aeb9305_cur.Scheme + '://' + $__pfo_42aa2aeb9305_cur.Domain + $__pfo_42aa2aeb9305_cur.Path + '/' + $__pfo_42aa2aeb9305_cur.File
[01:11:12.854]   Status: OK
[01:11:12.854]   VarsRead:
[01:11:12.855]     $__pfo_42aa2aeb9305_cur = $null
[01:11:12.855]   VarsWritten:
[01:11:12.855]     $url = ":///"
[01:11:12.861] --- Node 17 [PipelineElement] ---
[01:11:12.861]   Code: Write-Host $url
[01:11:12.885]   Status: OK
[01:11:12.885]   VarsRead:
[01:11:12.886]     $url = $null
[01:11:12.892] --- Node 13 [OutputCaptureEnd] ---
[01:11:12.892]   Code: Append Process Output
[01:11:12.897]   Status: OK
[01:11:12.897]   Action: CaptureEnd
[01:11:12.897]   VarsWritten:
[01:11:12.899]     $__pfo_42aa2aeb9305_out = [Object[]] Count=0 @()
[01:11:12.905] --- Node 18 [ProcessIter] ---
[01:11:12.905]   Code: $__pfo_42aa2aeb9305_idx++
[01:11:12.920]   Status: OK
[01:11:12.920]   VarsRead:
[01:11:12.921]     $__pfo_42aa2aeb9305_idx = $null
[01:11:12.921]   VarsWritten:
[01:11:12.921]     $__pfo_42aa2aeb9305_idx = 1
[01:11:12.926] --- Node 9 [ProcessCondition] ---
[01:11:12.926]   Code: [bool]($__pfo_42aa2aeb9305_idx -lt $__pfo_in_42aa2aeb9305.Count)
[01:11:12.980]   Status: OK
[01:11:12.980]   VarsRead:
[01:11:12.981]     $__pfo_42aa2aeb9305_idx = $null
[01:11:12.981]     $__pfo_in_42aa2aeb9305 = $null
[01:11:12.981]   Result: True
[01:11:12.981]   ConditionResult: True
[01:11:12.987] --- Node 11 [ProcessBind] ---
[01:11:12.988]   Code: $__pfo_42aa2aeb9305_cur = $__pfo_in_42aa2aeb9305[$__pfo_42aa2aeb9305_idx]
[01:11:13.007]   Status: ERR
[01:11:13.007]   VarsRead:
[01:11:13.008]     $__pfo_42aa2aeb9305_idx = $null
[01:11:13.008]     $__pfo_in_42aa2aeb9305 = $null
[01:11:13.008]   VarsWritten:
[01:11:13.008]     $__pfo_42aa2aeb9305_cur = $null
[01:11:13.009]   Error: Cannot index into a null array.
[01:11:13.014] --- Node 12 [OutputCaptureStart] ---
[01:11:13.015]   Code: Capture Process Output
[01:11:13.017]   Status: OK
[01:11:13.017]   Action: CaptureStart
[01:11:13.023] --- Node 16 [AssignmentStatementAst] ---
[01:11:13.023]   Code: $url = $__pfo_42aa2aeb9305_cur.Scheme + '://' + $__pfo_42aa2aeb9305_cur.Domain + $__pfo_42aa2aeb9305_cur.Path + '/' + $__pfo_42aa2aeb9305_cur.File
[01:11:13.103]   Status: OK
[01:11:13.103]   VarsRead:
[01:11:13.104]     $__pfo_42aa2aeb9305_cur = $null
[01:11:13.106]   VarsWritten:
[01:11:13.106]     $url = ":///"
[01:11:13.111] --- Node 17 [PipelineElement] ---
[01:11:13.111]   Code: Write-Host $url
[01:11:13.130]   Status: OK
[01:11:13.130]   VarsRead:
[01:11:13.131]     $url = $null
[01:11:13.137] --- Node 13 [OutputCaptureEnd] ---
[01:11:13.137]   Code: Append Process Output
[01:11:13.142]   Status: OK
[01:11:13.142]   Action: CaptureEnd
[01:11:13.142]   VarsWritten:
[01:11:13.144]     $__pfo_42aa2aeb9305_out = [Object[]] Count=0 @()
[01:11:13.156] --- Node 18 [ProcessIter] ---
[01:11:13.156]   Code: $__pfo_42aa2aeb9305_idx++
[01:11:13.173]   Status: OK
[01:11:13.174]   VarsRead:
[01:11:13.174]     $__pfo_42aa2aeb9305_idx = $null
[01:11:13.175]   VarsWritten:
[01:11:13.175]     $__pfo_42aa2aeb9305_idx = 1
[01:11:13.181] --- Node 9 [ProcessCondition] ---
[01:11:13.181]   Code: [bool]($__pfo_42aa2aeb9305_idx -lt $__pfo_in_42aa2aeb9305.Count)
[01:11:13.228]   Status: OK
[01:11:13.228]   VarsRead:
[01:11:13.229]     $__pfo_42aa2aeb9305_idx = $null
[01:11:13.229]     $__pfo_in_42aa2aeb9305 = $null
[01:11:13.229]   Result: True
[01:11:13.229]   ConditionResult: True
[01:11:13.235] --- Node 11 [ProcessBind] ---
[01:11:13.235]   Code: $__pfo_42aa2aeb9305_cur = $__pfo_in_42aa2aeb9305[$__pfo_42aa2aeb9305_idx]
[01:11:13.260]   Status: ERR
[01:11:13.260]   VarsRead:
[01:11:13.261]     $__pfo_42aa2aeb9305_idx = $null
[01:11:13.261]     $__pfo_in_42aa2aeb9305 = $null
[01:11:13.261]   VarsWritten:
[01:11:13.261]     $__pfo_42aa2aeb9305_cur = $null
[01:11:13.262]   Error: Cannot index into a null array.
[01:11:13.267] --- Node 12 [OutputCaptureStart] ---
[01:11:13.267]   Code: Capture Process Output
[01:11:13.270]   Status: OK
[01:11:13.270]   Action: CaptureStart
[01:11:13.276] --- Node 16 [AssignmentStatementAst] ---
[01:11:13.276]   Code: $url = $__pfo_42aa2aeb9305_cur.Scheme + '://' + $__pfo_42aa2aeb9305_cur.Domain + $__pfo_42aa2aeb9305_cur.Path + '/' + $__pfo_42aa2aeb9305_cur.File
[01:11:13.357]   Status: OK
[01:11:13.357]   VarsRead:
[01:11:13.358]     $__pfo_42aa2aeb9305_cur = $null
[01:11:13.358]   VarsWritten:
[01:11:13.359]     $url = ":///"
[01:11:13.364] --- Node 17 [PipelineElement] ---
[01:11:13.365]   Code: Write-Host $url
[01:11:13.381]   Status: OK
[01:11:13.381]   VarsRead:
[01:11:13.382]     $url = $null
[01:11:13.387] --- Node 13 [OutputCaptureEnd] ---
[01:11:13.387]   Code: Append Process Output
[01:11:13.392]   Status: OK
[01:11:13.392]   Action: CaptureEnd
[01:11:13.392]   VarsWritten:
[01:11:13.394]     $__pfo_42aa2aeb9305_out = [Object[]] Count=0 @()
[01:11:13.399] --- Node 18 [ProcessIter] ---
[01:11:13.399]   Code: $__pfo_42aa2aeb9305_idx++
[01:11:13.412]   Status: OK
[01:11:13.413]   VarsRead:
[01:11:13.413]     $__pfo_42aa2aeb9305_idx = $null
[01:11:13.413]   VarsWritten:
[01:11:13.414]     $__pfo_42aa2aeb9305_idx = 1
[01:11:13.425] --- Node 9 [ProcessCondition] ---
[01:11:13.426]   Code: [bool]($__pfo_42aa2aeb9305_idx -lt $__pfo_in_42aa2aeb9305.Count)
[01:11:13.474]   Status: OK
[01:11:13.474]   VarsRead:
[01:11:13.475]     $__pfo_42aa2aeb9305_idx = $null
[01:11:13.475]     $__pfo_in_42aa2aeb9305 = $null
[01:11:13.475]   Result: True
[01:11:13.475]   ConditionResult: True
[01:11:13.481] --- Node 11 [ProcessBind] ---
[01:11:13.481]   Code: $__pfo_42aa2aeb9305_cur = $__pfo_in_42aa2aeb9305[$__pfo_42aa2aeb9305_idx]
[01:11:13.499]   Status: ERR
[01:11:13.499]   VarsRead:
[01:11:13.500]     $__pfo_42aa2aeb9305_idx = $null
[01:11:13.500]     $__pfo_in_42aa2aeb9305 = $null
[01:11:13.500]   VarsWritten:
[01:11:13.500]     $__pfo_42aa2aeb9305_cur = $null
[01:11:13.500]   Error: Cannot index into a null array.
[01:11:13.506] --- Node 12 [OutputCaptureStart] ---
[01:11:13.506]   Code: Capture Process Output
[01:11:13.508]   Status: OK
[01:11:13.509]   Action: CaptureStart
[01:11:13.520] --- Node 16 [AssignmentStatementAst] ---
[01:11:13.520]   Code: $url = $__pfo_42aa2aeb9305_cur.Scheme + '://' + $__pfo_42aa2aeb9305_cur.Domain + $__pfo_42aa2aeb9305_cur.Path + '/' + $__pfo_42aa2aeb9305_cur.File
[01:11:13.589]   Status: OK
[01:11:13.589]   VarsRead:
[01:11:13.590]     $__pfo_42aa2aeb9305_cur = $null
[01:11:13.590]   VarsWritten:
[01:11:13.591]     $url = ":///"
[01:11:13.597] --- Node 17 [PipelineElement] ---
[01:11:13.597]   Code: Write-Host $url
[01:11:13.621]   Status: OK
[01:11:13.621]   VarsRead:
[01:11:13.621]     $url = $null
[01:11:13.627] --- Node 13 [OutputCaptureEnd] ---
[01:11:13.629]   Code: Append Process Output
[01:11:13.633]   Status: OK
[01:11:13.633]   Action: CaptureEnd
[01:11:13.633]   VarsWritten:
[01:11:13.635]     $__pfo_42aa2aeb9305_out = [Object[]] Count=0 @()
[01:11:13.640] --- Node 18 [ProcessIter] ---
[01:11:13.640]   Code: $__pfo_42aa2aeb9305_idx++
[01:11:13.654]   Status: OK
[01:11:13.654]   VarsRead:
[01:11:13.655]     $__pfo_42aa2aeb9305_idx = $null
[01:11:13.655]   VarsWritten:
[01:11:13.655]     $__pfo_42aa2aeb9305_idx = 1
[01:11:13.661] --- Node 9 [ProcessCondition] ---
[01:11:13.661]   Code: [bool]($__pfo_42aa2aeb9305_idx -lt $__pfo_in_42aa2aeb9305.Count)
[01:11:13.715]   Status: OK
[01:11:13.715]   VarsRead:
[01:11:13.716]     $__pfo_42aa2aeb9305_idx = $null
[01:11:13.716]     $__pfo_in_42aa2aeb9305 = $null
[01:11:13.717]   Result: True
[01:11:13.717]   ConditionResult: True
[01:11:13.723] --- Node 11 [ProcessBind] ---
[01:11:13.723]   Code: $__pfo_42aa2aeb9305_cur = $__pfo_in_42aa2aeb9305[$__pfo_42aa2aeb9305_idx]
[01:11:13.742]   Status: ERR
[01:11:13.742]   VarsRead:
[01:11:13.743]     $__pfo_42aa2aeb9305_idx = $null
[01:11:13.743]     $__pfo_in_42aa2aeb9305 = $null
[01:11:13.743]   VarsWritten:
[01:11:13.743]     $__pfo_42aa2aeb9305_cur = $null
[01:11:13.743]   Error: Cannot index into a null array.
[01:11:13.750] --- Node 12 [OutputCaptureStart] ---
[01:11:13.750]   Code: Capture Process Output
[01:11:13.753]   Status: OK
[01:11:13.753]   Action: CaptureStart
[01:11:13.759] --- Node 16 [AssignmentStatementAst] ---
[01:11:13.759]   Code: $url = $__pfo_42aa2aeb9305_cur.Scheme + '://' + $__pfo_42aa2aeb9305_cur.Domain + $__pfo_42aa2aeb9305_cur.Path + '/' + $__pfo_42aa2aeb9305_cur.File
[01:11:13.838]   Status: OK
[01:11:13.838]   VarsRead:
[01:11:13.839]     $__pfo_42aa2aeb9305_cur = $null
[01:11:13.839]   VarsWritten:
[01:11:13.839]     $url = ":///"
[01:11:13.844] --- Node 17 [PipelineElement] ---
[01:11:13.844]   Code: Write-Host $url
[01:11:13.862]   Status: OK
[01:11:13.863]   VarsRead:
[01:11:13.864]     $url = $null
[01:11:13.870] --- Node 13 [OutputCaptureEnd] ---
[01:11:13.870]   Code: Append Process Output
[01:11:13.881]   Status: OK
[01:11:13.881]   Action: CaptureEnd
[01:11:13.881]   VarsWritten:
[01:11:13.884]     $__pfo_42aa2aeb9305_out = [Object[]] Count=0 @()
[01:11:13.891] --- Node 18 [ProcessIter] ---
[01:11:13.891]   Code: $__pfo_42aa2aeb9305_idx++
[01:11:13.909]   Status: OK
[01:11:13.909]   VarsRead:
[01:11:13.910]     $__pfo_42aa2aeb9305_idx = $null
[01:11:13.910]   VarsWritten:
[01:11:13.910]     $__pfo_42aa2aeb9305_idx = 1
[01:11:13.916] --- Node 9 [ProcessCondition] ---
[01:11:13.916]   Code: [bool]($__pfo_42aa2aeb9305_idx -lt $__pfo_in_42aa2aeb9305.Count)
[01:11:13.963]   Status: OK
[01:11:13.963]   VarsRead:
[01:11:13.964]     $__pfo_42aa2aeb9305_idx = $null
[01:11:13.965]     $__pfo_in_42aa2aeb9305 = $null
[01:11:13.965]   Result: True
[01:11:13.965]   ConditionResult: True
[01:11:13.976] --- Node 11 [ProcessBind] ---
[01:11:13.976]   Code: $__pfo_42aa2aeb9305_cur = $__pfo_in_42aa2aeb9305[$__pfo_42aa2aeb9305_idx]
[01:11:13.995]   Status: ERR
[01:11:13.996]   VarsRead:
[01:11:13.997]     $__pfo_42aa2aeb9305_idx = $null
[01:11:13.997]     $__pfo_in_42aa2aeb9305 = $null
[01:11:13.997]   VarsWritten:
[01:11:13.997]     $__pfo_42aa2aeb9305_cur = $null
[01:11:13.997]   Error: Cannot index into a null array.
[01:11:14.003] --- Node 12 [OutputCaptureStart] ---
[01:11:14.004]   Code: Capture Process Output
[01:11:14.006]   Status: OK
[01:11:14.006]   Action: CaptureStart
[01:11:14.012] --- Node 16 [AssignmentStatementAst] ---
[01:11:14.012]   Code: $url = $__pfo_42aa2aeb9305_cur.Scheme + '://' + $__pfo_42aa2aeb9305_cur.Domain + $__pfo_42aa2aeb9305_cur.Path + '/' + $__pfo_42aa2aeb9305_cur.File
[01:11:14.091]   Status: OK
[01:11:14.091]   VarsRead:
[01:11:14.092]     $__pfo_42aa2aeb9305_cur = $null
[01:11:14.092]   VarsWritten:
[01:11:14.093]     $url = ":///"
[01:11:14.098] --- Node 17 [PipelineElement] ---
[01:11:14.098]   Code: Write-Host $url
[01:11:14.118]   Status: OK
[01:11:14.118]   VarsRead:
[01:11:14.119]     $url = $null
[01:11:14.125] --- Node 13 [OutputCaptureEnd] ---
[01:11:14.125]   Code: Append Process Output
[01:11:14.129]   Status: OK
[01:11:14.130]   Action: CaptureEnd
[01:11:14.130]   VarsWritten:
[01:11:14.131]     $__pfo_42aa2aeb9305_out = [Object[]] Count=0 @()
[01:11:14.136] --- Node 18 [ProcessIter] ---
[01:11:14.137]   Code: $__pfo_42aa2aeb9305_idx++
[01:11:14.151]   Status: OK
[01:11:14.153]   VarsRead:
[01:11:14.154]     $__pfo_42aa2aeb9305_idx = $null
[01:11:14.154]   VarsWritten:
[01:11:14.154]     $__pfo_42aa2aeb9305_idx = 1
[01:11:14.163] --- Node 9 [ProcessCondition] ---
[01:11:14.163]   Code: [bool]($__pfo_42aa2aeb9305_idx -lt $__pfo_in_42aa2aeb9305.Count)
[01:11:14.210]   Status: OK
[01:11:14.210]   VarsRead:
[01:11:14.211]     $__pfo_42aa2aeb9305_idx = $null
[01:11:14.211]     $__pfo_in_42aa2aeb9305 = $null
[01:11:14.211]   Result: True
[01:11:14.211]   ConditionResult: True
[01:11:14.217] --- Node 11 [ProcessBind] ---
[01:11:14.217]   Code: $__pfo_42aa2aeb9305_cur = $__pfo_in_42aa2aeb9305[$__pfo_42aa2aeb9305_idx]
[01:11:14.236]   Status: ERR
[01:11:14.236]   VarsRead:
[01:11:14.237]     $__pfo_42aa2aeb9305_idx = $null
[01:11:14.237]     $__pfo_in_42aa2aeb9305 = $null
[01:11:14.237]   VarsWritten:
[01:11:14.238]     $__pfo_42aa2aeb9305_cur = $null
[01:11:14.238]   Error: Cannot index into a null array.
[01:11:14.243] --- Node 12 [OutputCaptureStart] ---
[01:11:14.243]   Code: Capture Process Output
[01:11:14.250]   Status: OK
[01:11:14.250]   Action: CaptureStart
[01:11:14.255] --- Node 16 [AssignmentStatementAst] ---
[01:11:14.255]   Code: $url = $__pfo_42aa2aeb9305_cur.Scheme + '://' + $__pfo_42aa2aeb9305_cur.Domain + $__pfo_42aa2aeb9305_cur.Path + '/' + $__pfo_42aa2aeb9305_cur.File
[01:11:14.330]   Status: OK
[01:11:14.330]   VarsRead:
[01:11:14.331]     $__pfo_42aa2aeb9305_cur = $null
[01:11:14.331]   VarsWritten:
[01:11:14.331]     $url = ":///"
[01:11:14.337] --- Node 17 [PipelineElement] ---
[01:11:14.337]   Code: Write-Host $url
[01:11:14.358]   Status: OK
[01:11:14.358]   VarsRead:
[01:11:14.359]     $url = $null
[01:11:14.365] --- Node 13 [OutputCaptureEnd] ---
[01:11:14.365]   Code: Append Process Output
[01:11:14.369]   Status: OK
[01:11:14.369]   Action: CaptureEnd
[01:11:14.369]   VarsWritten:
[01:11:14.371]     $__pfo_42aa2aeb9305_out = [Object[]] Count=0 @()
[01:11:14.376] --- Node 18 [ProcessIter] ---
[01:11:14.377]   Code: $__pfo_42aa2aeb9305_idx++
[01:11:14.391]   Status: OK
[01:11:14.391]   VarsRead:
[01:11:14.391]     $__pfo_42aa2aeb9305_idx = $null
[01:11:14.391]   VarsWritten:
[01:11:14.392]     $__pfo_42aa2aeb9305_idx = 1
[01:11:14.397] --- Node 9 [ProcessCondition] ---
[01:11:14.397]   Code: [bool]($__pfo_42aa2aeb9305_idx -lt $__pfo_in_42aa2aeb9305.Count)
[01:11:14.447]   Status: OK
[01:11:14.448]   VarsRead:
[01:11:14.449]     $__pfo_42aa2aeb9305_idx = $null
[01:11:14.449]     $__pfo_in_42aa2aeb9305 = $null
[01:11:14.449]   Result: True
[01:11:14.449]   ConditionResult: True
[01:11:14.455] --- Node 11 [ProcessBind] ---
[01:11:14.455]   Code: $__pfo_42aa2aeb9305_cur = $__pfo_in_42aa2aeb9305[$__pfo_42aa2aeb9305_idx]
[01:11:14.474]   Status: ERR
[01:11:14.474]   VarsRead:
[01:11:14.474]     $__pfo_42aa2aeb9305_idx = $null
[01:11:14.475]     $__pfo_in_42aa2aeb9305 = $null
[01:11:14.475]   VarsWritten:
[01:11:14.475]     $__pfo_42aa2aeb9305_cur = $null
[01:11:14.475]   Error: Cannot index into a null array.
[01:11:14.480] --- Node 12 [OutputCaptureStart] ---
[01:11:14.480]   Code: Capture Process Output
[01:11:14.482]   Status: OK
[01:11:14.482]   Action: CaptureStart
[01:11:14.488] --- Node 16 [AssignmentStatementAst] ---
[01:11:14.488]   Code: $url = $__pfo_42aa2aeb9305_cur.Scheme + '://' + $__pfo_42aa2aeb9305_cur.Domain + $__pfo_42aa2aeb9305_cur.Path + '/' + $__pfo_42aa2aeb9305_cur.File
[01:11:14.563]   Status: OK
[01:11:14.563]   VarsRead:
[01:11:14.564]     $__pfo_42aa2aeb9305_cur = $null
[01:11:14.564]   VarsWritten:
[01:11:14.564]     $url = ":///"
[01:11:14.570] --- Node 17 [PipelineElement] ---
[01:11:14.570]   Code: Write-Host $url
[01:11:14.589]   Status: OK
[01:11:14.589]   VarsRead:
[01:11:14.590]     $url = $null
[01:11:14.596] --- Node 13 [OutputCaptureEnd] ---
[01:11:14.596]   Code: Append Process Output
[01:11:14.600]   Status: OK
[01:11:14.601]   Action: CaptureEnd
[01:11:14.601]   VarsWritten:
[01:11:14.603]     $__pfo_42aa2aeb9305_out = [Object[]] Count=0 @()
[01:11:14.612] --- Node 18 [ProcessIter] ---
[01:11:14.612]   Code: $__pfo_42aa2aeb9305_idx++
[01:11:14.626]   Status: OK
[01:11:14.626]   VarsRead:
[01:11:14.627]     $__pfo_42aa2aeb9305_idx = $null
[01:11:14.627]   VarsWritten:
[01:11:14.627]     $__pfo_42aa2aeb9305_idx = 1
[01:11:14.633] --- Node 9 [ProcessCondition] ---
[01:11:14.633]   Code: [bool]($__pfo_42aa2aeb9305_idx -lt $__pfo_in_42aa2aeb9305.Count)
[01:11:14.676]   Status: OK
[01:11:14.676]   VarsRead:
[01:11:14.679]     $__pfo_42aa2aeb9305_idx = $null
[01:11:14.679]     $__pfo_in_42aa2aeb9305 = $null
[01:11:14.679]   Result: True
[01:11:14.679]   ConditionResult: True
[01:11:14.685] --- Node 11 [ProcessBind] ---
[01:11:14.689]   Code: $__pfo_42aa2aeb9305_cur = $__pfo_in_42aa2aeb9305[$__pfo_42aa2aeb9305_idx]
[01:11:14.708]   Status: ERR
[01:11:14.708]   VarsRead:
[01:11:14.709]     $__pfo_42aa2aeb9305_idx = $null
[01:11:14.709]     $__pfo_in_42aa2aeb9305 = $null
[01:11:14.709]   VarsWritten:
[01:11:14.709]     $__pfo_42aa2aeb9305_cur = $null
[01:11:14.709]   Error: Cannot index into a null array.
[01:11:14.715] --- Node 12 [OutputCaptureStart] ---
[01:11:14.715]   Code: Capture Process Output
[01:11:14.719]   Status: OK
[01:11:14.719]   Action: CaptureStart
[01:11:14.725] --- Node 16 [AssignmentStatementAst] ---
[01:11:14.725]   Code: $url = $__pfo_42aa2aeb9305_cur.Scheme + '://' + $__pfo_42aa2aeb9305_cur.Domain + $__pfo_42aa2aeb9305_cur.Path + '/' + $__pfo_42aa2aeb9305_cur.File
[01:11:14.810]   Status: OK
[01:11:14.810]   VarsRead:
[01:11:14.811]     $__pfo_42aa2aeb9305_cur = $null
[01:11:14.811]   VarsWritten:
[01:11:14.811]     $url = ":///"
[01:11:14.817] --- Node 17 [PipelineElement] ---
[01:11:14.817]   Code: Write-Host $url
[01:11:14.833]   Status: OK
[01:11:14.834]   VarsRead:
[01:11:14.834]     $url = $null
[01:11:14.840] --- Node 13 [OutputCaptureEnd] ---
[01:11:14.840]   Code: Append Process Output
[01:11:14.845]   Status: OK
[01:11:14.845]   Action: CaptureEnd
[01:11:14.845]   VarsWritten:
[01:11:14.847]     $__pfo_42aa2aeb9305_out = [Object[]] Count=0 @()
[01:11:14.853] --- Node 18 [ProcessIter] ---
[01:11:14.853]   Code: $__pfo_42aa2aeb9305_idx++
[01:11:14.868]   Status: OK
[01:11:14.868]   VarsRead:
[01:11:14.869]     $__pfo_42aa2aeb9305_idx = $null
[01:11:14.869]   VarsWritten:
[01:11:14.869]     $__pfo_42aa2aeb9305_idx = 1
[01:11:14.881] --- Node 9 [ProcessCondition] ---
[01:11:14.882]   Code: [bool]($__pfo_42aa2aeb9305_idx -lt $__pfo_in_42aa2aeb9305.Count)
[01:11:14.930]   Status: OK
[01:11:14.930]   VarsRead:
[01:11:14.932]     $__pfo_42aa2aeb9305_idx = $null
[01:11:14.932]     $__pfo_in_42aa2aeb9305 = $null
[01:11:14.932]   Result: True
[01:11:14.932]   ConditionResult: True
[01:11:14.938] --- Node 11 [ProcessBind] ---
[01:11:14.938]   Code: $__pfo_42aa2aeb9305_cur = $__pfo_in_42aa2aeb9305[$__pfo_42aa2aeb9305_idx]
[01:11:14.957]   Status: ERR
[01:11:14.958]   VarsRead:
[01:11:14.958]     $__pfo_42aa2aeb9305_idx = $null
[01:11:14.958]     $__pfo_in_42aa2aeb9305 = $null
[01:11:14.959]   VarsWritten:
[01:11:14.959]     $__pfo_42aa2aeb9305_cur = $null
[01:11:14.959]   Error: Cannot index into a null array.
[01:11:14.964] --- Node 12 [OutputCaptureStart] ---
[01:11:14.965]   Code: Capture Process Output
[01:11:14.967]   Status: OK
[01:11:14.967]   Action: CaptureStart
[01:11:14.977] --- Node 16 [AssignmentStatementAst] ---
[01:11:14.977]   Code: $url = $__pfo_42aa2aeb9305_cur.Scheme + '://' + $__pfo_42aa2aeb9305_cur.Domain + $__pfo_42aa2aeb9305_cur.Path + '/' + $__pfo_42aa2aeb9305_cur.File
[01:11:15.055]   Status: OK
[01:11:15.055]   VarsRead:
[01:11:15.056]     $__pfo_42aa2aeb9305_cur = $null
[01:11:15.057]   VarsWritten:
[01:11:15.057]     $url = ":///"
[01:11:15.062] --- Node 17 [PipelineElement] ---
[01:11:15.062]   Code: Write-Host $url
[01:11:15.085]   Status: OK
[01:11:15.085]   VarsRead:
[01:11:15.086]     $url = $null
[01:11:15.092] --- Node 13 [OutputCaptureEnd] ---
[01:11:15.092]   Code: Append Process Output
[01:11:15.096]   Status: OK
[01:11:15.096]   Action: CaptureEnd
[01:11:15.096]   VarsWritten:
[01:11:15.098]     $__pfo_42aa2aeb9305_out = [Object[]] Count=0 @()
[01:11:15.103] --- Node 18 [ProcessIter] ---
[01:11:15.104]   Code: $__pfo_42aa2aeb9305_idx++
[01:11:15.117]   Status: OK
[01:11:15.117]   VarsRead:
[01:11:15.118]     $__pfo_42aa2aeb9305_idx = $null
[01:11:15.118]   VarsWritten:
[01:11:15.118]     $__pfo_42aa2aeb9305_idx = 1
[01:11:15.124] --- Node 9 [ProcessCondition] ---
[01:11:15.124]   Code: [bool]($__pfo_42aa2aeb9305_idx -lt $__pfo_in_42aa2aeb9305.Count)
[01:11:15.176]   Status: OK
[01:11:15.176]   VarsRead:
[01:11:15.177]     $__pfo_42aa2aeb9305_idx = $null
[01:11:15.177]     $__pfo_in_42aa2aeb9305 = $null
[01:11:15.177]   Result: True
[01:11:15.177]   ConditionResult: True
[01:11:15.184] --- Node 11 [ProcessBind] ---
[01:11:15.184]   Code: $__pfo_42aa2aeb9305_cur = $__pfo_in_42aa2aeb9305[$__pfo_42aa2aeb9305_idx]
[01:11:15.201]   Status: ERR
[01:11:15.201]   VarsRead:
[01:11:15.204]     $__pfo_42aa2aeb9305_idx = $null
[01:11:15.204]     $__pfo_in_42aa2aeb9305 = $null
[01:11:15.204]   VarsWritten:
[01:11:15.204]     $__pfo_42aa2aeb9305_cur = $null
[01:11:15.204]   Error: Cannot index into a null array.
[01:11:15.209] --- Node 12 [OutputCaptureStart] ---
[01:11:15.209]   Code: Capture Process Output
[01:11:15.211]   Status: OK
[01:11:15.211]   Action: CaptureStart
[01:11:15.216] --- Node 16 [AssignmentStatementAst] ---
[01:11:15.217]   Code: $url = $__pfo_42aa2aeb9305_cur.Scheme + '://' + $__pfo_42aa2aeb9305_cur.Domain + $__pfo_42aa2aeb9305_cur.Path + '/' + $__pfo_42aa2aeb9305_cur.File
[01:11:15.288]   Status: OK
[01:11:15.288]   VarsRead:
[01:11:15.289]     $__pfo_42aa2aeb9305_cur = $null
[01:11:15.289]   VarsWritten:
[01:11:15.289]     $url = ":///"
[01:11:15.294] --- Node 17 [PipelineElement] ---
[01:11:15.295]   Code: Write-Host $url
[01:11:15.314]   Status: OK
[01:11:15.314]   VarsRead:
[01:11:15.315]     $url = $null
[01:11:15.320] --- Node 13 [OutputCaptureEnd] ---
[01:11:15.320]   Code: Append Process Output
[01:11:15.325]   Status: OK
[01:11:15.325]   Action: CaptureEnd
[01:11:15.325]   VarsWritten:
[01:11:15.327]     $__pfo_42aa2aeb9305_out = [Object[]] Count=0 @()
[01:11:15.336] --- Node 18 [ProcessIter] ---
[01:11:15.337]   Code: $__pfo_42aa2aeb9305_idx++
[01:11:15.352]   Status: OK
[01:11:15.352]   VarsRead:
[01:11:15.352]     $__pfo_42aa2aeb9305_idx = $null
[01:11:15.353]   VarsWritten:
[01:11:15.353]     $__pfo_42aa2aeb9305_idx = 1
[01:11:15.359] --- Node 9 [ProcessCondition] ---
[01:11:15.359]   Code: [bool]($__pfo_42aa2aeb9305_idx -lt $__pfo_in_42aa2aeb9305.Count)
[01:11:15.407]   Status: OK
[01:11:15.407]   VarsRead:
[01:11:15.408]     $__pfo_42aa2aeb9305_idx = $null
[01:11:15.408]     $__pfo_in_42aa2aeb9305 = $null
[01:11:15.408]   Result: True
[01:11:15.409]   ConditionResult: True
[01:11:15.414] --- Node 11 [ProcessBind] ---
[01:11:15.414]   Code: $__pfo_42aa2aeb9305_cur = $__pfo_in_42aa2aeb9305[$__pfo_42aa2aeb9305_idx]
[01:11:15.437]   Status: ERR
[01:11:15.438]   VarsRead:
[01:11:15.438]     $__pfo_42aa2aeb9305_idx = $null
[01:11:15.438]     $__pfo_in_42aa2aeb9305 = $null
[01:11:15.439]   VarsWritten:
[01:11:15.439]     $__pfo_42aa2aeb9305_cur = $null
[01:11:15.439]   Error: Cannot index into a null array.
[01:11:15.444] --- Node 12 [OutputCaptureStart] ---
[01:11:15.445]   Code: Capture Process Output
[01:11:15.448]   Status: OK
[01:11:15.448]   Action: CaptureStart
[01:11:15.454] --- Node 16 [AssignmentStatementAst] ---
[01:11:15.454]   Code: $url = $__pfo_42aa2aeb9305_cur.Scheme + '://' + $__pfo_42aa2aeb9305_cur.Domain + $__pfo_42aa2aeb9305_cur.Path + '/' + $__pfo_42aa2aeb9305_cur.File
[01:11:15.520]   Status: OK
[01:11:15.521]   VarsRead:
[01:11:15.521]     $__pfo_42aa2aeb9305_cur = $null
[01:11:15.521]   VarsWritten:
[01:11:15.522]     $url = ":///"
[01:11:15.526] --- Node 17 [PipelineElement] ---
[01:11:15.526]   Code: Write-Host $url
[01:11:15.541]   Status: OK
[01:11:15.541]   VarsRead:
[01:11:15.542]     $url = $null
[01:11:15.547] --- Node 13 [OutputCaptureEnd] ---
[01:11:15.547]   Code: Append Process Output
[01:11:15.552]   Status: OK
[01:11:15.552]   Action: CaptureEnd
[01:11:15.552]   VarsWritten:
[01:11:15.554]     $__pfo_42aa2aeb9305_out = [Object[]] Count=0 @()
[01:11:15.559] --- Node 18 [ProcessIter] ---
[01:11:15.559]   Code: $__pfo_42aa2aeb9305_idx++
[01:11:15.573]   Status: OK
[01:11:15.573]   VarsRead:
[01:11:15.574]     $__pfo_42aa2aeb9305_idx = $null
[01:11:15.574]   VarsWritten:
[01:11:15.574]     $__pfo_42aa2aeb9305_idx = 1
[01:11:15.587] --- Node 9 [ProcessCondition] ---
[01:11:15.588]   Code: [bool]($__pfo_42aa2aeb9305_idx -lt $__pfo_in_42aa2aeb9305.Count)
[01:11:15.631]   Status: OK
[01:11:15.631]   VarsRead:
[01:11:15.632]     $__pfo_42aa2aeb9305_idx = $null
[01:11:15.632]     $__pfo_in_42aa2aeb9305 = $null
[01:11:15.632]   Result: True
[01:11:15.632]   ConditionResult: True
[01:11:15.637] --- Node 11 [ProcessBind] ---
[01:11:15.637]   Code: $__pfo_42aa2aeb9305_cur = $__pfo_in_42aa2aeb9305[$__pfo_42aa2aeb9305_idx]
[01:11:15.654]   Status: ERR
[01:11:15.654]   VarsRead:
[01:11:15.655]     $__pfo_42aa2aeb9305_idx = $null
[01:11:15.655]     $__pfo_in_42aa2aeb9305 = $null
[01:11:15.655]   VarsWritten:
[01:11:15.655]     $__pfo_42aa2aeb9305_cur = $null
[01:11:15.655]   Error: Cannot index into a null array.
[01:11:15.660] --- Node 12 [OutputCaptureStart] ---
[01:11:15.660]   Code: Capture Process Output
[01:11:15.662]   Status: OK
[01:11:15.663]   Action: CaptureStart
[01:11:15.672] --- Node 16 [AssignmentStatementAst] ---
[01:11:15.672]   Code: $url = $__pfo_42aa2aeb9305_cur.Scheme + '://' + $__pfo_42aa2aeb9305_cur.Domain + $__pfo_42aa2aeb9305_cur.Path + '/' + $__pfo_42aa2aeb9305_cur.File
[01:11:15.744]   Status: OK
[01:11:15.744]   VarsRead:
[01:11:15.745]     $__pfo_42aa2aeb9305_cur = $null
[01:11:15.745]   VarsWritten:
[01:11:15.745]     $url = ":///"
[01:11:15.750] --- Node 17 [PipelineElement] ---
[01:11:15.750]   Code: Write-Host $url
[01:11:15.770]   Status: OK
[01:11:15.770]   VarsRead:
[01:11:15.771]     $url = $null
[01:11:15.775] --- Node 13 [OutputCaptureEnd] ---
[01:11:15.775]   Code: Append Process Output
[01:11:15.779]   Status: OK
[01:11:15.779]   Action: CaptureEnd
[01:11:15.779]   VarsWritten:
[01:11:15.781]     $__pfo_42aa2aeb9305_out = [Object[]] Count=0 @()
[01:11:15.785] --- Node 18 [ProcessIter] ---
[01:11:15.785]   Code: $__pfo_42aa2aeb9305_idx++
[01:11:15.797]   Status: OK
[01:11:15.797]   VarsRead:
[01:11:15.798]     $__pfo_42aa2aeb9305_idx = $null
[01:11:15.798]   VarsWritten:
[01:11:15.798]     $__pfo_42aa2aeb9305_idx = 1
[01:11:15.803] --- Node 9 [ProcessCondition] ---
[01:11:15.803]   Code: [bool]($__pfo_42aa2aeb9305_idx -lt $__pfo_in_42aa2aeb9305.Count)
[01:11:15.851]   Status: OK
[01:11:15.852]   VarsRead:
[01:11:15.853]     $__pfo_42aa2aeb9305_idx = $null
[01:11:15.853]     $__pfo_in_42aa2aeb9305 = $null
[01:11:15.853]   Result: True
[01:11:15.853]   ConditionResult: True
[01:11:15.859] --- Node 11 [ProcessBind] ---
[01:11:15.859]   Code: $__pfo_42aa2aeb9305_cur = $__pfo_in_42aa2aeb9305[$__pfo_42aa2aeb9305_idx]
[01:11:15.877]   Status: ERR
[01:11:15.877]   VarsRead:
[01:11:15.878]     $__pfo_42aa2aeb9305_idx = $null
[01:11:15.878]     $__pfo_in_42aa2aeb9305 = $null
[01:11:15.878]   VarsWritten:
[01:11:15.878]     $__pfo_42aa2aeb9305_cur = $null
[01:11:15.878]   Error: Cannot index into a null array.
[01:11:15.884] --- Node 12 [OutputCaptureStart] ---
[01:11:15.884]   Code: Capture Process Output
[01:11:15.886]   Status: OK
[01:11:15.886]   Action: CaptureStart
[01:11:15.891] --- Node 16 [AssignmentStatementAst] ---
[01:11:15.891]   Code: $url = $__pfo_42aa2aeb9305_cur.Scheme + '://' + $__pfo_42aa2aeb9305_cur.Domain + $__pfo_42aa2aeb9305_cur.Path + '/' + $__pfo_42aa2aeb9305_cur.File
[01:11:15.957]   Status: OK
[01:11:15.957]   VarsRead:
[01:11:15.958]     $__pfo_42aa2aeb9305_cur = $null
[01:11:15.958]   VarsWritten:
[01:11:15.958]     $url = ":///"
[01:11:15.963] --- Node 17 [PipelineElement] ---
[01:11:15.963]   Code: Write-Host $url
[01:11:15.979]   Status: OK
[01:11:15.979]   VarsRead:
[01:11:15.980]     $url = $null
[01:11:15.985] --- Node 13 [OutputCaptureEnd] ---
[01:11:15.985]   Code: Append Process Output
[01:11:15.989]   Status: OK
[01:11:15.989]   Action: CaptureEnd
[01:11:15.990]   VarsWritten:
[01:11:15.991]     $__pfo_42aa2aeb9305_out = [Object[]] Count=0 @()
[01:11:16.002] --- Node 18 [ProcessIter] ---
[01:11:16.002]   Code: $__pfo_42aa2aeb9305_idx++
[01:11:16.017]   Status: OK
[01:11:16.017]   VarsRead:
[01:11:16.018]     $__pfo_42aa2aeb9305_idx = $null
[01:11:16.018]   VarsWritten:
[01:11:16.018]     $__pfo_42aa2aeb9305_idx = 1
[01:11:16.022] --- Node 9 [ProcessCondition] ---
[01:11:16.022]   Code: [bool]($__pfo_42aa2aeb9305_idx -lt $__pfo_in_42aa2aeb9305.Count)
[01:11:16.062]   Status: OK
[01:11:16.063]   VarsRead:
[01:11:16.064]     $__pfo_42aa2aeb9305_idx = $null
[01:11:16.064]     $__pfo_in_42aa2aeb9305 = $null
[01:11:16.064]   Result: True
[01:11:16.064]   ConditionResult: True
[01:11:16.069] --- Node 11 [ProcessBind] ---
[01:11:16.069]   Code: $__pfo_42aa2aeb9305_cur = $__pfo_in_42aa2aeb9305[$__pfo_42aa2aeb9305_idx]
[01:11:16.091]   Status: ERR
[01:11:16.091]   VarsRead:
[01:11:16.092]     $__pfo_42aa2aeb9305_idx = $null
[01:11:16.092]     $__pfo_in_42aa2aeb9305 = $null
[01:11:16.092]   VarsWritten:
[01:11:16.092]     $__pfo_42aa2aeb9305_cur = $null
[01:11:16.092]   Error: Cannot index into a null array.
[01:11:16.098] --- Node 12 [OutputCaptureStart] ---
[01:11:16.098]   Code: Capture Process Output
[01:11:16.100]   Status: OK
[01:11:16.100]   Action: CaptureStart
[01:11:16.106] --- Node 16 [AssignmentStatementAst] ---
[01:11:16.106]   Code: $url = $__pfo_42aa2aeb9305_cur.Scheme + '://' + $__pfo_42aa2aeb9305_cur.Domain + $__pfo_42aa2aeb9305_cur.Path + '/' + $__pfo_42aa2aeb9305_cur.File
[01:11:16.184]   Status: OK
[01:11:16.184]   VarsRead:
[01:11:16.185]     $__pfo_42aa2aeb9305_cur = $null
[01:11:16.186]   VarsWritten:
[01:11:16.186]     $url = ":///"
[01:11:16.193] --- Node 17 [PipelineElement] ---
[01:11:16.193]   Code: Write-Host $url
[01:11:16.209]   Status: OK
[01:11:16.209]   VarsRead:
[01:11:16.209]     $url = $null
[01:11:16.215] --- Node 13 [OutputCaptureEnd] ---
[01:11:16.215]   Code: Append Process Output
[01:11:16.219]   Status: OK
[01:11:16.219]   Action: CaptureEnd
[01:11:16.219]   VarsWritten:
[01:11:16.221]     $__pfo_42aa2aeb9305_out = [Object[]] Count=0 @()
[01:11:16.226] --- Node 18 [ProcessIter] ---
[01:11:16.227]   Code: $__pfo_42aa2aeb9305_idx++
[01:11:16.242]   Status: OK
[01:11:16.242]   VarsRead:
[01:11:16.243]     $__pfo_42aa2aeb9305_idx = $null
[01:11:16.243]   VarsWritten:
[01:11:16.243]     $__pfo_42aa2aeb9305_idx = 1
[01:11:16.255] --- Node 9 [ProcessCondition] ---
[01:11:16.255]   Code: [bool]($__pfo_42aa2aeb9305_idx -lt $__pfo_in_42aa2aeb9305.Count)
[01:11:16.298]   Status: OK
[01:11:16.298]   VarsRead:
[01:11:16.299]     $__pfo_42aa2aeb9305_idx = $null
[01:11:16.299]     $__pfo_in_42aa2aeb9305 = $null
[01:11:16.299]   Result: True
[01:11:16.299]   ConditionResult: True
[01:11:16.305] --- Node 11 [ProcessBind] ---
[01:11:16.305]   Code: $__pfo_42aa2aeb9305_cur = $__pfo_in_42aa2aeb9305[$__pfo_42aa2aeb9305_idx]
[01:11:16.321]   Status: ERR
[01:11:16.321]   VarsRead:
[01:11:16.322]     $__pfo_42aa2aeb9305_idx = $null
[01:11:16.322]     $__pfo_in_42aa2aeb9305 = $null
[01:11:16.322]   VarsWritten:
[01:11:16.322]     $__pfo_42aa2aeb9305_cur = $null
[01:11:16.322]   Error: Cannot index into a null array.
[01:11:16.326] --- Node 12 [OutputCaptureStart] ---
[01:11:16.326]   Code: Capture Process Output
[01:11:16.328]   Status: OK
[01:11:16.328]   Action: CaptureStart
[01:11:16.339] --- Node 16 [AssignmentStatementAst] ---
[01:11:16.339]   Code: $url = $__pfo_42aa2aeb9305_cur.Scheme + '://' + $__pfo_42aa2aeb9305_cur.Domain + $__pfo_42aa2aeb9305_cur.Path + '/' + $__pfo_42aa2aeb9305_cur.File
[01:11:16.401]   Status: OK
[01:11:16.401]   VarsRead:
[01:11:16.402]     $__pfo_42aa2aeb9305_cur = $null
[01:11:16.402]   VarsWritten:
[01:11:16.402]     $url = ":///"
[01:11:16.407] --- Node 17 [PipelineElement] ---
[01:11:16.407]   Code: Write-Host $url
[01:11:16.429]   Status: OK
[01:11:16.429]   VarsRead:
[01:11:16.430]     $url = $null
[01:11:16.436] --- Node 13 [OutputCaptureEnd] ---
[01:11:16.437]   Code: Append Process Output
[01:11:16.441]   Status: OK
[01:11:16.441]   Action: CaptureEnd
[01:11:16.442]   VarsWritten:
[01:11:16.444]     $__pfo_42aa2aeb9305_out = [Object[]] Count=0 @()
[01:11:16.449] --- Node 18 [ProcessIter] ---
[01:11:16.449]   Code: $__pfo_42aa2aeb9305_idx++
[01:11:16.461]   Status: OK
[01:11:16.461]   VarsRead:
[01:11:16.462]     $__pfo_42aa2aeb9305_idx = $null
[01:11:16.462]   VarsWritten:
[01:11:16.462]     $__pfo_42aa2aeb9305_idx = 1
[01:11:16.467] --- Node 9 [ProcessCondition] ---
[01:11:16.467]   Code: [bool]($__pfo_42aa2aeb9305_idx -lt $__pfo_in_42aa2aeb9305.Count)
[01:11:16.508]   Status: OK
[01:11:16.508]   VarsRead:
[01:11:16.509]     $__pfo_42aa2aeb9305_idx = $null
[01:11:16.509]     $__pfo_in_42aa2aeb9305 = $null
[01:11:16.509]   Result: True
[01:11:16.509]   ConditionResult: True
[01:11:16.514] --- Node 11 [ProcessBind] ---
[01:11:16.514]   Code: $__pfo_42aa2aeb9305_cur = $__pfo_in_42aa2aeb9305[$__pfo_42aa2aeb9305_idx]
[01:11:16.528]   Status: ERR
[01:11:16.528]   VarsRead:
[01:11:16.528]     $__pfo_42aa2aeb9305_idx = $null
[01:11:16.528]     $__pfo_in_42aa2aeb9305 = $null
[01:11:16.528]   VarsWritten:
[01:11:16.528]     $__pfo_42aa2aeb9305_cur = $null
[01:11:16.529]   Error: Cannot index into a null array.
[01:11:16.533] --- Node 12 [OutputCaptureStart] ---
[01:11:16.533]   Code: Capture Process Output
[01:11:16.535]   Status: OK
[01:11:16.535]   Action: CaptureStart
[01:11:16.539] --- Node 16 [AssignmentStatementAst] ---
[01:11:16.539]   Code: $url = $__pfo_42aa2aeb9305_cur.Scheme + '://' + $__pfo_42aa2aeb9305_cur.Domain + $__pfo_42aa2aeb9305_cur.Path + '/' + $__pfo_42aa2aeb9305_cur.File
[01:11:16.609]   Status: OK
[01:11:16.609]   VarsRead:
[01:11:16.610]     $__pfo_42aa2aeb9305_cur = $null
[01:11:16.610]   VarsWritten:
[01:11:16.610]     $url = ":///"
[01:11:16.614] --- Node 17 [PipelineElement] ---
[01:11:16.614]   Code: Write-Host $url
[01:11:16.630]   Status: OK
[01:11:16.630]   VarsRead:
[01:11:16.630]     $url = $null
[01:11:16.635] --- Node 13 [OutputCaptureEnd] ---
[01:11:16.635]   Code: Append Process Output
[01:11:16.638]   Status: OK
[01:11:16.640]   Action: CaptureEnd
[01:11:16.640]   VarsWritten:
[01:11:16.641]     $__pfo_42aa2aeb9305_out = [Object[]] Count=0 @()
[01:11:16.652] --- Node 18 [ProcessIter] ---
[01:11:16.652]   Code: $__pfo_42aa2aeb9305_idx++
[01:11:16.665]   Status: OK
[01:11:16.665]   VarsRead:
[01:11:16.666]     $__pfo_42aa2aeb9305_idx = $null
[01:11:16.666]   VarsWritten:
[01:11:16.666]     $__pfo_42aa2aeb9305_idx = 1
[01:11:16.671] --- Node 9 [ProcessCondition] ---
[01:11:16.671]   Code: [bool]($__pfo_42aa2aeb9305_idx -lt $__pfo_in_42aa2aeb9305.Count)
[01:11:16.711]   Status: OK
[01:11:16.711]   VarsRead:
[01:11:16.712]     $__pfo_42aa2aeb9305_idx = $null
[01:11:16.712]     $__pfo_in_42aa2aeb9305 = $null
[01:11:16.712]   Result: True
[01:11:16.712]   ConditionResult: True
[01:11:16.717] --- Node 11 [ProcessBind] ---
[01:11:16.717]   Code: $__pfo_42aa2aeb9305_cur = $__pfo_in_42aa2aeb9305[$__pfo_42aa2aeb9305_idx]
[01:11:16.737]   Status: ERR
[01:11:16.737]   VarsRead:
[01:11:16.738]     $__pfo_42aa2aeb9305_idx = $null
[01:11:16.738]     $__pfo_in_42aa2aeb9305 = $null
[01:11:16.738]   VarsWritten:
[01:11:16.738]     $__pfo_42aa2aeb9305_cur = $null
[01:11:16.738]   Error: Cannot index into a null array.
[01:11:16.743] --- Node 12 [OutputCaptureStart] ---
[01:11:16.743]   Code: Capture Process Output
[01:11:16.745]   Status: OK
[01:11:16.745]   Action: CaptureStart
[01:11:16.750] --- Node 16 [AssignmentStatementAst] ---
[01:11:16.750]   Code: $url = $__pfo_42aa2aeb9305_cur.Scheme + '://' + $__pfo_42aa2aeb9305_cur.Domain + $__pfo_42aa2aeb9305_cur.Path + '/' + $__pfo_42aa2aeb9305_cur.File
[01:11:16.818]   Status: OK
[01:11:16.818]   VarsRead:
[01:11:16.819]     $__pfo_42aa2aeb9305_cur = $null
[01:11:16.819]   VarsWritten:
[01:11:16.819]     $url = ":///"
[01:11:16.824] --- Node 17 [PipelineElement] ---
[01:11:16.824]   Code: Write-Host $url
[01:11:16.840]   Status: OK
[01:11:16.840]   VarsRead:
[01:11:16.841]     $url = $null
[01:11:16.846] --- Node 13 [OutputCaptureEnd] ---
[01:11:16.846]   Code: Append Process Output
[01:11:16.850]   Status: OK
[01:11:16.850]   Action: CaptureEnd
[01:11:16.850]   VarsWritten:
[01:11:16.852]     $__pfo_42aa2aeb9305_out = [Object[]] Count=0 @()
[01:11:16.857] --- Node 18 [ProcessIter] ---
[01:11:16.857]   Code: $__pfo_42aa2aeb9305_idx++
[01:11:16.871]   Status: OK
[01:11:16.871]   VarsRead:
[01:11:16.871]     $__pfo_42aa2aeb9305_idx = $null
[01:11:16.872]   VarsWritten:
[01:11:16.872]     $__pfo_42aa2aeb9305_idx = 1
[01:11:16.883] --- Node 9 [ProcessCondition] ---
[01:11:16.883]   Code: [bool]($__pfo_42aa2aeb9305_idx -lt $__pfo_in_42aa2aeb9305.Count)
[01:11:16.921]   Status: OK
[01:11:16.921]   VarsRead:
[01:11:16.922]     $__pfo_42aa2aeb9305_idx = $null
[01:11:16.922]     $__pfo_in_42aa2aeb9305 = $null
[01:11:16.923]   Result: True
[01:11:16.923]   ConditionResult: True
[01:11:16.928] --- Node 11 [ProcessBind] ---
[01:11:16.928]   Code: $__pfo_42aa2aeb9305_cur = $__pfo_in_42aa2aeb9305[$__pfo_42aa2aeb9305_idx]
[01:11:16.945]   Status: ERR
[01:11:16.946]   VarsRead:
[01:11:16.947]     $__pfo_42aa2aeb9305_idx = $null
[01:11:16.947]     $__pfo_in_42aa2aeb9305 = $null
[01:11:16.947]   VarsWritten:
[01:11:16.947]     $__pfo_42aa2aeb9305_cur = $null
[01:11:16.947]   Error: Cannot index into a null array.
[01:11:16.951] --- Node 12 [OutputCaptureStart] ---
[01:11:16.951]   Code: Capture Process Output
[01:11:16.954]   Status: OK
[01:11:16.954]   Action: CaptureStart
[01:11:16.964] --- Node 16 [AssignmentStatementAst] ---
[01:11:16.965]   Code: $url = $__pfo_42aa2aeb9305_cur.Scheme + '://' + $__pfo_42aa2aeb9305_cur.Domain + $__pfo_42aa2aeb9305_cur.Path + '/' + $__pfo_42aa2aeb9305_cur.File
[01:11:17.030]   Status: OK
[01:11:17.030]   VarsRead:
[01:11:17.031]     $__pfo_42aa2aeb9305_cur = $null
[01:11:17.031]   VarsWritten:
[01:11:17.031]     $url = ":///"
[01:11:17.036] --- Node 17 [PipelineElement] ---
[01:11:17.036]   Code: Write-Host $url
[01:11:17.052]   Status: OK
[01:11:17.052]   VarsRead:
[01:11:17.053]     $url = $null
[01:11:17.061] --- Node 13 [OutputCaptureEnd] ---
[01:11:17.061]   Code: Append Process Output
[01:11:17.065]   Status: OK
[01:11:17.065]   Action: CaptureEnd
[01:11:17.066]   VarsWritten:
[01:11:17.067]     $__pfo_42aa2aeb9305_out = [Object[]] Count=0 @()
[01:11:17.072] --- Node 18 [ProcessIter] ---
[01:11:17.072]   Code: $__pfo_42aa2aeb9305_idx++
[01:11:17.086]   Status: OK
[01:11:17.086]   VarsRead:
[01:11:17.087]     $__pfo_42aa2aeb9305_idx = $null
[01:11:17.089]   VarsWritten:
[01:11:17.089]     $__pfo_42aa2aeb9305_idx = 1
[01:11:17.094] --- Node 9 [ProcessCondition] ---
[01:11:17.094]   Code: [bool]($__pfo_42aa2aeb9305_idx -lt $__pfo_in_42aa2aeb9305.Count)
[01:11:17.144]   Status: OK
[01:11:17.145]   VarsRead:
[01:11:17.145]     $__pfo_42aa2aeb9305_idx = $null
[01:11:17.145]     $__pfo_in_42aa2aeb9305 = $null
[01:11:17.146]   Result: True
[01:11:17.146]   ConditionResult: True
[01:11:17.151] --- Node 11 [ProcessBind] ---
[01:11:17.151]   Code: $__pfo_42aa2aeb9305_cur = $__pfo_in_42aa2aeb9305[$__pfo_42aa2aeb9305_idx]
[01:11:17.167]   Status: ERR
[01:11:17.167]   VarsRead:
[01:11:17.168]     $__pfo_42aa2aeb9305_idx = $null
[01:11:17.168]     $__pfo_in_42aa2aeb9305 = $null
[01:11:17.168]   VarsWritten:
[01:11:17.168]     $__pfo_42aa2aeb9305_cur = $null
[01:11:17.168]   Error: Cannot index into a null array.
[01:11:17.173] --- Node 12 [OutputCaptureStart] ---
[01:11:17.173]   Code: Capture Process Output
[01:11:17.175]   Status: OK
[01:11:17.175]   Action: CaptureStart
[01:11:17.180] --- Node 16 [AssignmentStatementAst] ---
[01:11:17.180]   Code: $url = $__pfo_42aa2aeb9305_cur.Scheme + '://' + $__pfo_42aa2aeb9305_cur.Domain + $__pfo_42aa2aeb9305_cur.Path + '/' + $__pfo_42aa2aeb9305_cur.File
[01:11:17.245]   Status: OK
[01:11:17.245]   VarsRead:
[01:11:17.246]     $__pfo_42aa2aeb9305_cur = $null
[01:11:17.246]   VarsWritten:
[01:11:17.246]     $url = ":///"
[01:11:17.251] --- Node 17 [PipelineElement] ---
[01:11:17.251]   Code: Write-Host $url
[01:11:17.265]   Status: OK
[01:11:17.265]   VarsRead:
[01:11:17.267]     $url = $null
[01:11:17.271] --- Node 13 [OutputCaptureEnd] ---
[01:11:17.271]   Code: Append Process Output
[01:11:17.275]   Status: OK
[01:11:17.275]   Action: CaptureEnd
[01:11:17.275]   VarsWritten:
[01:11:17.276]     $__pfo_42aa2aeb9305_out = [Object[]] Count=0 @()
[01:11:17.288] --- Node 18 [ProcessIter] ---
[01:11:17.288]   Code: $__pfo_42aa2aeb9305_idx++
[01:11:17.303]   Status: OK
[01:11:17.303]   VarsRead:
[01:11:17.304]     $__pfo_42aa2aeb9305_idx = $null
[01:11:17.304]   VarsWritten:
[01:11:17.304]     $__pfo_42aa2aeb9305_idx = 1
[01:11:17.309] --- Node 9 [ProcessCondition] ---
[01:11:17.309]   Code: [bool]($__pfo_42aa2aeb9305_idx -lt $__pfo_in_42aa2aeb9305.Count)
[01:11:17.347]   Status: OK
[01:11:17.347]   VarsRead:
[01:11:17.348]     $__pfo_42aa2aeb9305_idx = $null
[01:11:17.348]     $__pfo_in_42aa2aeb9305 = $null
[01:11:17.348]   Result: True
[01:11:17.348]   ConditionResult: True
[01:11:17.352] --- Node 11 [ProcessBind] ---
[01:11:17.352]   Code: $__pfo_42aa2aeb9305_cur = $__pfo_in_42aa2aeb9305[$__pfo_42aa2aeb9305_idx]
[01:11:17.369]   Status: ERR
[01:11:17.369]   VarsRead:
[01:11:17.370]     $__pfo_42aa2aeb9305_idx = $null
[01:11:17.370]     $__pfo_in_42aa2aeb9305 = $null
[01:11:17.370]   VarsWritten:
[01:11:17.370]     $__pfo_42aa2aeb9305_cur = $null
[01:11:17.373]   Error: Cannot index into a null array.
[01:11:17.378] --- Node 12 [OutputCaptureStart] ---
[01:11:17.378]   Code: Capture Process Output
[01:11:17.380]   Status: OK
[01:11:17.380]   Action: CaptureStart
[01:11:17.384] --- Node 16 [AssignmentStatementAst] ---
[01:11:17.385]   Code: $url = $__pfo_42aa2aeb9305_cur.Scheme + '://' + $__pfo_42aa2aeb9305_cur.Domain + $__pfo_42aa2aeb9305_cur.Path + '/' + $__pfo_42aa2aeb9305_cur.File
[01:11:17.449]   Status: OK
[01:11:17.450]   VarsRead:
[01:11:17.450]     $__pfo_42aa2aeb9305_cur = $null
[01:11:17.450]   VarsWritten:
[01:11:17.451]     $url = ":///"
[01:11:17.459] --- Node 17 [PipelineElement] ---
[01:11:17.459]   Code: Write-Host $url
[01:11:17.475]   Status: OK
[01:11:17.475]   VarsRead:
[01:11:17.476]     $url = $null
[01:11:17.481] --- Node 13 [OutputCaptureEnd] ---
[01:11:17.481]   Code: Append Process Output
[01:11:17.485]   Status: OK
[01:11:17.485]   Action: CaptureEnd
[01:11:17.485]   VarsWritten:
[01:11:17.487]     $__pfo_42aa2aeb9305_out = [Object[]] Count=0 @()
[01:11:17.492] --- Node 18 [ProcessIter] ---
[01:11:17.492]   Code: $__pfo_42aa2aeb9305_idx++
[01:11:17.504]   Status: OK
[01:11:17.504]   VarsRead:
[01:11:17.505]     $__pfo_42aa2aeb9305_idx = $null
[01:11:17.505]   VarsWritten:
[01:11:17.505]     $__pfo_42aa2aeb9305_idx = 1
[01:11:17.509] --- Node 9 [ProcessCondition] ---
[01:11:17.509]   Code: [bool]($__pfo_42aa2aeb9305_idx -lt $__pfo_in_42aa2aeb9305.Count)
[01:11:17.555]   Status: OK
[01:11:17.555]   VarsRead:
[01:11:17.555]     $__pfo_42aa2aeb9305_idx = $null
[01:11:17.556]     $__pfo_in_42aa2aeb9305 = $null
[01:11:17.557]   Result: True
[01:11:17.557]   ConditionResult: True
[01:11:17.561] --- Node 11 [ProcessBind] ---
[01:11:17.561]   Code: $__pfo_42aa2aeb9305_cur = $__pfo_in_42aa2aeb9305[$__pfo_42aa2aeb9305_idx]
[01:11:17.576]   Status: ERR
[01:11:17.576]   VarsRead:
[01:11:17.576]     $__pfo_42aa2aeb9305_idx = $null
[01:11:17.577]     $__pfo_in_42aa2aeb9305 = $null
[01:11:17.577]   VarsWritten:
[01:11:17.577]     $__pfo_42aa2aeb9305_cur = $null
[01:11:17.577]   Error: Cannot index into a null array.
[01:11:17.581] --- Node 12 [OutputCaptureStart] ---
[01:11:17.581]   Code: Capture Process Output
[01:11:17.584]   Status: OK
[01:11:17.584]   Action: CaptureStart
[01:11:17.594] --- Node 16 [AssignmentStatementAst] ---
[01:11:17.594]   Code: $url = $__pfo_42aa2aeb9305_cur.Scheme + '://' + $__pfo_42aa2aeb9305_cur.Domain + $__pfo_42aa2aeb9305_cur.Path + '/' + $__pfo_42aa2aeb9305_cur.File
[01:11:17.650]   Status: OK
[01:11:17.650]   VarsRead:
[01:11:17.651]     $__pfo_42aa2aeb9305_cur = $null
[01:11:17.651]   VarsWritten:
[01:11:17.651]     $url = ":///"
[01:11:17.655] --- Node 17 [PipelineElement] ---
[01:11:17.656]   Code: Write-Host $url
[01:11:17.670]   Status: OK
[01:11:17.670]   VarsRead:
[01:11:17.671]     $url = $null
[01:11:17.680] --- Node 13 [OutputCaptureEnd] ---
[01:11:17.680]   Code: Append Process Output
[01:11:17.684]   Status: OK
[01:11:17.684]   Action: CaptureEnd
[01:11:17.684]   VarsWritten:
[01:11:17.686]     $__pfo_42aa2aeb9305_out = [Object[]] Count=0 @()
[01:11:17.691] --- Node 18 [ProcessIter] ---
[01:11:17.691]   Code: $__pfo_42aa2aeb9305_idx++
[01:11:17.704]   Status: OK
[01:11:17.704]   VarsRead:
[01:11:17.705]     $__pfo_42aa2aeb9305_idx = $null
[01:11:17.705]   VarsWritten:
[01:11:17.705]     $__pfo_42aa2aeb9305_idx = 1
[01:11:17.709] --- Node 9 [ProcessCondition] ---
[01:11:17.709]   Code: [bool]($__pfo_42aa2aeb9305_idx -lt $__pfo_in_42aa2aeb9305.Count)
[01:11:17.744]   Status: OK
[01:11:17.744]   VarsRead:
[01:11:17.749]     $__pfo_42aa2aeb9305_idx = $null
[01:11:17.749]     $__pfo_in_42aa2aeb9305 = $null
[01:11:17.749]   Result: True
[01:11:17.749]   ConditionResult: True
[01:11:17.755] --- Node 11 [ProcessBind] ---
[01:11:17.755]   Code: $__pfo_42aa2aeb9305_cur = $__pfo_in_42aa2aeb9305[$__pfo_42aa2aeb9305_idx]
[01:11:17.770]   Status: ERR
[01:11:17.770]   VarsRead:
[01:11:17.771]     $__pfo_42aa2aeb9305_idx = $null
[01:11:17.771]     $__pfo_in_42aa2aeb9305 = $null
[01:11:17.771]   VarsWritten:
[01:11:17.771]     $__pfo_42aa2aeb9305_cur = $null
[01:11:17.771]   Error: Cannot index into a null array.
[01:11:17.775] --- Node 12 [OutputCaptureStart] ---
[01:11:17.775]   Code: Capture Process Output
[01:11:17.776]   Status: OK
[01:11:17.776]   Action: CaptureStart
[01:11:17.779] --- Node 16 [AssignmentStatementAst] ---
[01:11:17.779]   Code: $url = $__pfo_42aa2aeb9305_cur.Scheme + '://' + $__pfo_42aa2aeb9305_cur.Domain + $__pfo_42aa2aeb9305_cur.Path + '/' + $__pfo_42aa2aeb9305_cur.File
[01:11:17.842]   Status: OK
[01:11:17.843]   VarsRead:
[01:11:17.843]     $__pfo_42aa2aeb9305_cur = $null
[01:11:17.843]   VarsWritten:
[01:11:17.844]     $url = ":///"
[01:11:17.848] --- Node 17 [PipelineElement] ---
[01:11:17.848]   Code: Write-Host $url
[01:11:17.863]   Status: OK
[01:11:17.863]   VarsRead:
[01:11:17.864]     $url = $null
[01:11:17.869] --- Node 13 [OutputCaptureEnd] ---
[01:11:17.869]   Code: Append Process Output
[01:11:17.873]   Status: OK
[01:11:17.873]   Action: CaptureEnd
[01:11:17.873]   VarsWritten:
[01:11:17.875]     $__pfo_42aa2aeb9305_out = [Object[]] Count=0 @()
[01:11:17.888] --- Node 18 [ProcessIter] ---
[01:11:17.888]   Code: $__pfo_42aa2aeb9305_idx++
[01:11:17.902]   Status: OK
[01:11:17.902]   VarsRead:
[01:11:17.903]     $__pfo_42aa2aeb9305_idx = $null
[01:11:17.903]   VarsWritten:
[01:11:17.903]     $__pfo_42aa2aeb9305_idx = 1
[01:11:17.908] --- Node 9 [ProcessCondition] ---
[01:11:17.908]   Code: [bool]($__pfo_42aa2aeb9305_idx -lt $__pfo_in_42aa2aeb9305.Count)
[01:11:17.948]   Status: OK
[01:11:17.948]   VarsRead:
[01:11:17.949]     $__pfo_42aa2aeb9305_idx = $null
[01:11:17.949]     $__pfo_in_42aa2aeb9305 = $null
[01:11:17.949]   Result: True
[01:11:17.949]   ConditionResult: True
[01:11:17.955] --- Node 11 [ProcessBind] ---
[01:11:17.955]   Code: $__pfo_42aa2aeb9305_cur = $__pfo_in_42aa2aeb9305[$__pfo_42aa2aeb9305_idx]
[01:11:17.971]   Status: ERR
[01:11:17.971]   VarsRead:
[01:11:17.972]     $__pfo_42aa2aeb9305_idx = $null
[01:11:17.972]     $__pfo_in_42aa2aeb9305 = $null
[01:11:17.974]   VarsWritten:
[01:11:17.974]     $__pfo_42aa2aeb9305_cur = $null
[01:11:17.974]   Error: Cannot index into a null array.
[01:11:17.983] --- Node 12 [OutputCaptureStart] ---
[01:11:17.983]   Code: Capture Process Output
[01:11:17.985]   Status: OK
[01:11:17.985]   Action: CaptureStart
[01:11:17.990] --- Node 16 [AssignmentStatementAst] ---
[01:11:17.990]   Code: $url = $__pfo_42aa2aeb9305_cur.Scheme + '://' + $__pfo_42aa2aeb9305_cur.Domain + $__pfo_42aa2aeb9305_cur.Path + '/' + $__pfo_42aa2aeb9305_cur.File
[01:11:18.051]   Status: OK
[01:11:18.051]   VarsRead:
[01:11:18.052]     $__pfo_42aa2aeb9305_cur = $null
[01:11:18.052]   VarsWritten:
[01:11:18.052]     $url = ":///"
[01:11:18.060] --- Node 17 [PipelineElement] ---
[01:11:18.060]   Code: Write-Host $url
[01:11:18.076]   Status: OK
[01:11:18.076]   VarsRead:
[01:11:18.076]     $url = $null
[01:11:18.081] --- Node 13 [OutputCaptureEnd] ---
[01:11:18.081]   Code: Append Process Output
[01:11:18.084]   Status: OK
[01:11:18.085]   Action: CaptureEnd
[01:11:18.085]   VarsWritten:
[01:11:18.087]     $__pfo_42aa2aeb9305_out = [Object[]] Count=0 @()
[01:11:18.090] --- Node 18 [ProcessIter] ---
[01:11:18.090]   Code: $__pfo_42aa2aeb9305_idx++
[01:11:18.101]   Status: OK
[01:11:18.101]   VarsRead:
[01:11:18.102]     $__pfo_42aa2aeb9305_idx = $null
[01:11:18.102]   VarsWritten:
[01:11:18.102]     $__pfo_42aa2aeb9305_idx = 1
[01:11:18.107] --- Node 9 [ProcessCondition] ---
[01:11:18.107]   Code: [bool]($__pfo_42aa2aeb9305_idx -lt $__pfo_in_42aa2aeb9305.Count)
[01:11:18.150]   Status: OK
[01:11:18.150]   VarsRead:
[01:11:18.151]     $__pfo_42aa2aeb9305_idx = $null
[01:11:18.151]     $__pfo_in_42aa2aeb9305 = $null
[01:11:18.152]   Result: True
[01:11:18.152]   ConditionResult: True
[01:11:18.157] --- Node 11 [ProcessBind] ---
[01:11:18.157]   Code: $__pfo_42aa2aeb9305_cur = $__pfo_in_42aa2aeb9305[$__pfo_42aa2aeb9305_idx]
[01:11:18.174]   Status: ERR
[01:11:18.174]   VarsRead:
[01:11:18.175]     $__pfo_42aa2aeb9305_idx = $null
[01:11:18.175]     $__pfo_in_42aa2aeb9305 = $null
[01:11:18.175]   VarsWritten:
[01:11:18.176]     $__pfo_42aa2aeb9305_cur = $null
[01:11:18.176]   Error: Cannot index into a null array.
[01:11:18.180] --- Node 12 [OutputCaptureStart] ---
[01:11:18.180]   Code: Capture Process Output
[01:11:18.182]   Status: OK
[01:11:18.182]   Action: CaptureStart
[01:11:18.186] --- Node 16 [AssignmentStatementAst] ---
[01:11:18.190]   Code: $url = $__pfo_42aa2aeb9305_cur.Scheme + '://' + $__pfo_42aa2aeb9305_cur.Domain + $__pfo_42aa2aeb9305_cur.Path + '/' + $__pfo_42aa2aeb9305_cur.File
[01:11:18.254]   Status: OK
[01:11:18.254]   VarsRead:
[01:11:18.254]     $__pfo_42aa2aeb9305_cur = $null
[01:11:18.255]   VarsWritten:
[01:11:18.255]     $url = ":///"
[01:11:18.260] --- Node 17 [PipelineElement] ---
[01:11:18.260]   Code: Write-Host $url
[01:11:18.274]   Status: OK
[01:11:18.274]   VarsRead:
[01:11:18.275]     $url = $null
[01:11:18.285] --- Node 13 [OutputCaptureEnd] ---
[01:11:18.285]   Code: Append Process Output
[01:11:18.289]   Status: OK
[01:11:18.289]   Action: CaptureEnd
[01:11:18.290]   VarsWritten:
[01:11:18.291]     $__pfo_42aa2aeb9305_out = [Object[]] Count=0 @()
[01:11:18.296] --- Node 18 [ProcessIter] ---
[01:11:18.296]   Code: $__pfo_42aa2aeb9305_idx++
[01:11:18.308]   Status: OK
[01:11:18.308]   VarsRead:
[01:11:18.308]     $__pfo_42aa2aeb9305_idx = $null
[01:11:18.308]   VarsWritten:
[01:11:18.308]     $__pfo_42aa2aeb9305_idx = 1
[01:11:18.313] --- Node 9 [ProcessCondition] ---
[01:11:18.313]   Code: [bool]($__pfo_42aa2aeb9305_idx -lt $__pfo_in_42aa2aeb9305.Count)
[01:11:18.350]   Status: OK
[01:11:18.350]   VarsRead:
[01:11:18.351]     $__pfo_42aa2aeb9305_idx = $null
[01:11:18.352]     $__pfo_in_42aa2aeb9305 = $null
[01:11:18.352]   Result: True
[01:11:18.352]   ConditionResult: True
[01:11:18.361] --- Node 11 [ProcessBind] ---
[01:11:18.361]   Code: $__pfo_42aa2aeb9305_cur = $__pfo_in_42aa2aeb9305[$__pfo_42aa2aeb9305_idx]
[01:11:18.378]   Status: ERR
[01:11:18.378]   VarsRead:
[01:11:18.379]     $__pfo_42aa2aeb9305_idx = $null
[01:11:18.379]     $__pfo_in_42aa2aeb9305 = $null
[01:11:18.379]   VarsWritten:
[01:11:18.379]     $__pfo_42aa2aeb9305_cur = $null
[01:11:18.379]   Error: Cannot index into a null array.
[01:11:18.383] --- Node 12 [OutputCaptureStart] ---
[01:11:18.383]   Code: Capture Process Output
[01:11:18.386]   Status: OK
[01:11:18.386]   Action: CaptureStart
[01:11:18.390] --- Node 16 [AssignmentStatementAst] ---
[01:11:18.391]   Code: $url = $__pfo_42aa2aeb9305_cur.Scheme + '://' + $__pfo_42aa2aeb9305_cur.Domain + $__pfo_42aa2aeb9305_cur.Path + '/' + $__pfo_42aa2aeb9305_cur.File
[01:11:18.454]   Status: OK
[01:11:18.454]   VarsRead:
[01:11:18.455]     $__pfo_42aa2aeb9305_cur = $null
[01:11:18.455]   VarsWritten:
[01:11:18.455]     $url = ":///"
[01:11:18.459] --- Node 17 [PipelineElement] ---
[01:11:18.459]   Code: Write-Host $url
[01:11:18.472]   Status: OK
[01:11:18.472]   VarsRead:
[01:11:18.473]     $url = $null
[01:11:18.477] --- Node 13 [OutputCaptureEnd] ---
[01:11:18.477]   Code: Append Process Output
[01:11:18.481]   Status: OK
[01:11:18.481]   Action: CaptureEnd
[01:11:18.481]   VarsWritten:
[01:11:18.483]     $__pfo_42aa2aeb9305_out = [Object[]] Count=0 @()
[01:11:18.487] --- Node 18 [ProcessIter] ---
[01:11:18.487]   Code: $__pfo_42aa2aeb9305_idx++
[01:11:18.514]   Status: OK
[01:11:18.515]   VarsRead:
[01:11:18.516]     $__pfo_42aa2aeb9305_idx = $null
[01:11:18.516]   VarsWritten:
[01:11:18.516]     $__pfo_42aa2aeb9305_idx = 1
[01:11:18.564] --- Node 9 [ProcessCondition] ---
[01:11:18.564]   Code: [bool]($__pfo_42aa2aeb9305_idx -lt $__pfo_in_42aa2aeb9305.Count)
[01:11:18.602]   Status: OK
[01:11:18.603]   VarsRead:
[01:11:18.604]     $__pfo_42aa2aeb9305_idx = $null
[01:11:18.604]     $__pfo_in_42aa2aeb9305 = $null
[01:11:18.604]   Result: True
[01:11:18.604]   ConditionResult: True
[01:11:18.608] --- Node 11 [ProcessBind] ---
[01:11:18.608]   Code: $__pfo_42aa2aeb9305_cur = $__pfo_in_42aa2aeb9305[$__pfo_42aa2aeb9305_idx]
[01:11:18.624]   Status: ERR
[01:11:18.624]   VarsRead:
[01:11:18.625]     $__pfo_42aa2aeb9305_idx = $null
[01:11:18.625]     $__pfo_in_42aa2aeb9305 = $null
[01:11:18.625]   VarsWritten:
[01:11:18.625]     $__pfo_42aa2aeb9305_cur = $null
[01:11:18.625]   Error: Cannot index into a null array.
[01:11:18.633] --- Node 12 [OutputCaptureStart] ---
[01:11:18.633]   Code: Capture Process Output
[01:11:18.635]   Status: OK
[01:11:18.635]   Action: CaptureStart
[01:11:18.638] --- Node 16 [AssignmentStatementAst] ---
[01:11:18.638]   Code: $url = $__pfo_42aa2aeb9305_cur.Scheme + '://' + $__pfo_42aa2aeb9305_cur.Domain + $__pfo_42aa2aeb9305_cur.Path + '/' + $__pfo_42aa2aeb9305_cur.File
[01:11:18.698]   Status: OK
[01:11:18.698]   VarsRead:
[01:11:18.699]     $__pfo_42aa2aeb9305_cur = $null
[01:11:18.699]   VarsWritten:
[01:11:18.699]     $url = ":///"
[01:11:18.709] --- Node 17 [PipelineElement] ---
[01:11:18.709]   Code: Write-Host $url
[01:11:18.724]   Status: OK
[01:11:18.725]   VarsRead:
[01:11:18.726]     $url = $null
[01:11:18.730] --- Node 13 [OutputCaptureEnd] ---
[01:11:18.730]   Code: Append Process Output
[01:11:18.733]   Status: OK
[01:11:18.733]   Action: CaptureEnd
[01:11:18.734]   VarsWritten:
[01:11:18.736]     $__pfo_42aa2aeb9305_out = [Object[]] Count=0 @()
[01:11:18.740] --- Node 18 [ProcessIter] ---
[01:11:18.740]   Code: $__pfo_42aa2aeb9305_idx++
[01:11:18.751]   Status: OK
[01:11:18.751]   VarsRead:
[01:11:18.752]     $__pfo_42aa2aeb9305_idx = $null
[01:11:18.752]   VarsWritten:
[01:11:18.752]     $__pfo_42aa2aeb9305_idx = 1
[01:11:18.756] --- Node 9 [ProcessCondition] ---
[01:11:18.757]   Code: [bool]($__pfo_42aa2aeb9305_idx -lt $__pfo_in_42aa2aeb9305.Count)
[01:11:18.794]   Status: OK
[01:11:18.795]   VarsRead:
[01:11:18.795]     $__pfo_42aa2aeb9305_idx = $null
[01:11:18.795]     $__pfo_in_42aa2aeb9305 = $null
[01:11:18.796]   Result: True
[01:11:18.796]   ConditionResult: True
[01:11:18.800] --- Node 11 [ProcessBind] ---
[01:11:18.800]   Code: $__pfo_42aa2aeb9305_cur = $__pfo_in_42aa2aeb9305[$__pfo_42aa2aeb9305_idx]
[01:11:18.813]   Status: ERR
[01:11:18.814]   VarsRead:
[01:11:18.814]     $__pfo_42aa2aeb9305_idx = $null
[01:11:18.814]     $__pfo_in_42aa2aeb9305 = $null
[01:11:18.814]   VarsWritten:
[01:11:18.815]     $__pfo_42aa2aeb9305_cur = $null
[01:11:18.815]   Error: Cannot index into a null array.
[01:11:18.819] --- Node 12 [OutputCaptureStart] ---
[01:11:18.819]   Code: Capture Process Output
[01:11:18.821]   Status: OK
[01:11:18.821]   Action: CaptureStart
[01:11:18.824] --- Node 16 [AssignmentStatementAst] ---
[01:11:18.825]   Code: $url = $__pfo_42aa2aeb9305_cur.Scheme + '://' + $__pfo_42aa2aeb9305_cur.Domain + $__pfo_42aa2aeb9305_cur.Path + '/' + $__pfo_42aa2aeb9305_cur.File
[01:11:18.887]   Status: OK
[01:11:18.887]   VarsRead:
[01:11:18.888]     $__pfo_42aa2aeb9305_cur = $null
[01:11:18.888]   VarsWritten:
[01:11:18.888]     $url = ":///"
[01:11:18.893] --- Node 17 [PipelineElement] ---
[01:11:18.893]   Code: Write-Host $url
[01:11:18.908]   Status: OK
[01:11:18.908]   VarsRead:
[01:11:18.909]     $url = $null
[01:11:18.919] --- Node 13 [OutputCaptureEnd] ---
[01:11:18.919]   Code: Append Process Output
[01:11:18.923]   Status: OK
[01:11:18.923]   Action: CaptureEnd
[01:11:18.923]   VarsWritten:
[01:11:18.925]     $__pfo_42aa2aeb9305_out = [Object[]] Count=0 @()
[01:11:18.928] --- Node 18 [ProcessIter] ---
[01:11:18.928]   Code: $__pfo_42aa2aeb9305_idx++
[01:11:18.940]   Status: OK
[01:11:18.940]   VarsRead:
[01:11:18.941]     $__pfo_42aa2aeb9305_idx = $null
[01:11:18.941]   VarsWritten:
[01:11:18.941]     $__pfo_42aa2aeb9305_idx = 1
[01:11:18.946] --- Node 9 [ProcessCondition] ---
[01:11:18.946]   Code: [bool]($__pfo_42aa2aeb9305_idx -lt $__pfo_in_42aa2aeb9305.Count)
[01:11:18.979]   Status: OK
[01:11:18.979]   VarsRead:
[01:11:18.980]     $__pfo_42aa2aeb9305_idx = $null
[01:11:18.980]     $__pfo_in_42aa2aeb9305 = $null
[01:11:18.980]   Result: True
[01:11:18.980]   ConditionResult: True
[01:11:18.989] --- Node 11 [ProcessBind] ---
[01:11:18.989]   Code: $__pfo_42aa2aeb9305_cur = $__pfo_in_42aa2aeb9305[$__pfo_42aa2aeb9305_idx]
[01:11:19.004]   Status: ERR
[01:11:19.005]   VarsRead:
[01:11:19.005]     $__pfo_42aa2aeb9305_idx = $null
[01:11:19.005]     $__pfo_in_42aa2aeb9305 = $null
[01:11:19.006]   VarsWritten:
[01:11:19.006]     $__pfo_42aa2aeb9305_cur = $null
[01:11:19.006]   Error: Cannot index into a null array.
[01:11:19.009] --- Node 12 [OutputCaptureStart] ---
[01:11:19.009]   Code: Capture Process Output
[01:11:19.011]   Status: OK
[01:11:19.011]   Action: CaptureStart
[01:11:19.015] --- Node 16 [AssignmentStatementAst] ---
[01:11:19.015]   Code: $url = $__pfo_42aa2aeb9305_cur.Scheme + '://' + $__pfo_42aa2aeb9305_cur.Domain + $__pfo_42aa2aeb9305_cur.Path + '/' + $__pfo_42aa2aeb9305_cur.File
[01:11:19.077]   Status: OK
[01:11:19.077]   VarsRead:
[01:11:19.078]     $__pfo_42aa2aeb9305_cur = $null
[01:11:19.078]   VarsWritten:
[01:11:19.078]     $url = ":///"
[01:11:19.082] --- Node 17 [PipelineElement] ---
[01:11:19.082]   Code: Write-Host $url
[01:11:19.096]   Status: OK
[01:11:19.096]   VarsRead:
[01:11:19.097]     $url = $null
[01:11:19.101] --- Node 13 [OutputCaptureEnd] ---
[01:11:19.101]   Code: Append Process Output
[01:11:19.105]   Status: OK
[01:11:19.105]   Action: CaptureEnd
[01:11:19.105]   VarsWritten:
[01:11:19.107]     $__pfo_42aa2aeb9305_out = [Object[]] Count=0 @()
[01:11:19.111] --- Node 18 [ProcessIter] ---
[01:11:19.111]   Code: $__pfo_42aa2aeb9305_idx++
[01:11:19.125]   Status: OK
[01:11:19.125]   VarsRead:
[01:11:19.126]     $__pfo_42aa2aeb9305_idx = $null
[01:11:19.126]   VarsWritten:
[01:11:19.126]     $__pfo_42aa2aeb9305_idx = 1
[01:11:19.130] --- Node 9 [ProcessCondition] ---
[01:11:19.130]   Code: [bool]($__pfo_42aa2aeb9305_idx -lt $__pfo_in_42aa2aeb9305.Count)
[01:11:19.167]   Status: OK
[01:11:19.167]   VarsRead:
[01:11:19.168]     $__pfo_42aa2aeb9305_idx = $null
[01:11:19.168]     $__pfo_in_42aa2aeb9305 = $null
[01:11:19.168]   Result: True
[01:11:19.168]   ConditionResult: True
[01:11:19.173] --- Node 11 [ProcessBind] ---
[01:11:19.173]   Code: $__pfo_42aa2aeb9305_cur = $__pfo_in_42aa2aeb9305[$__pfo_42aa2aeb9305_idx]
[01:11:19.188]   Status: ERR
[01:11:19.188]   VarsRead:
[01:11:19.189]     $__pfo_42aa2aeb9305_idx = $null
[01:11:19.189]     $__pfo_in_42aa2aeb9305 = $null
[01:11:19.189]   VarsWritten:
[01:11:19.189]     $__pfo_42aa2aeb9305_cur = $null
[01:11:19.189]   Error: Cannot index into a null array.
[01:11:19.200] --- Node 12 [OutputCaptureStart] ---
[01:11:19.200]   Code: Capture Process Output
[01:11:19.203]   Status: OK
[01:11:19.203]   Action: CaptureStart
[01:11:19.208] --- Node 16 [AssignmentStatementAst] ---
[01:11:19.208]   Code: $url = $__pfo_42aa2aeb9305_cur.Scheme + '://' + $__pfo_42aa2aeb9305_cur.Domain + $__pfo_42aa2aeb9305_cur.Path + '/' + $__pfo_42aa2aeb9305_cur.File
[01:11:19.276]   Status: OK
[01:11:19.276]   VarsRead:
[01:11:19.277]     $__pfo_42aa2aeb9305_cur = $null
[01:11:19.277]   VarsWritten:
[01:11:19.277]     $url = ":///"
[01:11:19.288] --- Node 17 [PipelineElement] ---
[01:11:19.288]   Code: Write-Host $url
[01:11:19.303]   Status: OK
[01:11:19.303]   VarsRead:
[01:11:19.304]     $url = $null
[01:11:19.308] --- Node 13 [OutputCaptureEnd] ---
[01:11:19.308]   Code: Append Process Output
[01:11:19.312]   Status: OK
[01:11:19.312]   Action: CaptureEnd
[01:11:19.313]   VarsWritten:
[01:11:19.316]     $__pfo_42aa2aeb9305_out = [Object[]] Count=0 @()
[01:11:19.320] --- Node 18 [ProcessIter] ---
[01:11:19.320]   Code: $__pfo_42aa2aeb9305_idx++
[01:11:19.330]   Status: OK
[01:11:19.330]   VarsRead:
[01:11:19.330]     $__pfo_42aa2aeb9305_idx = $null
[01:11:19.330]   VarsWritten:
[01:11:19.330]     $__pfo_42aa2aeb9305_idx = 1
[01:11:19.334] --- Node 9 [ProcessCondition] ---
[01:11:19.334]   Code: [bool]($__pfo_42aa2aeb9305_idx -lt $__pfo_in_42aa2aeb9305.Count)
[01:11:19.373]   Status: OK
[01:11:19.374]   VarsRead:
[01:11:19.374]     $__pfo_42aa2aeb9305_idx = $null
[01:11:19.374]     $__pfo_in_42aa2aeb9305 = $null
[01:11:19.375]   Result: True
[01:11:19.375]   ConditionResult: True
[01:11:19.379] --- Node 11 [ProcessBind] ---
[01:11:19.379]   Code: $__pfo_42aa2aeb9305_cur = $__pfo_in_42aa2aeb9305[$__pfo_42aa2aeb9305_idx]
[01:11:19.393]   Status: ERR
[01:11:19.393]   VarsRead:
[01:11:19.394]     $__pfo_42aa2aeb9305_idx = $null
[01:11:19.394]     $__pfo_in_42aa2aeb9305 = $null
[01:11:19.394]   VarsWritten:
[01:11:19.394]     $__pfo_42aa2aeb9305_cur = $null
[01:11:19.394]   Error: Cannot index into a null array.
[01:11:19.397] --- Node 12 [OutputCaptureStart] ---
[01:11:19.398]   Code: Capture Process Output
[01:11:19.399]   Status: OK
[01:11:19.399]   Action: CaptureStart
[01:11:19.403] --- Node 16 [AssignmentStatementAst] ---
[01:11:19.403]   Code: $url = $__pfo_42aa2aeb9305_cur.Scheme + '://' + $__pfo_42aa2aeb9305_cur.Domain + $__pfo_42aa2aeb9305_cur.Path + '/' + $__pfo_42aa2aeb9305_cur.File
[01:11:19.461]   Status: OK
[01:11:19.461]   VarsRead:
[01:11:19.462]     $__pfo_42aa2aeb9305_cur = $null
[01:11:19.462]   VarsWritten:
[01:11:19.462]     $url = ":///"
[01:11:19.466] --- Node 17 [PipelineElement] ---
[01:11:19.466]   Code: Write-Host $url
[01:11:19.478]   Status: OK
[01:11:19.478]   VarsRead:
[01:11:19.479]     $url = $null
[01:11:19.491] --- Node 13 [OutputCaptureEnd] ---
[01:11:19.491]   Code: Append Process Output
[01:11:19.495]   Status: OK
[01:11:19.495]   Action: CaptureEnd
[01:11:19.495]   VarsWritten:
[01:11:19.497]     $__pfo_42aa2aeb9305_out = [Object[]] Count=0 @()
[01:11:19.501] --- Node 18 [ProcessIter] ---
[01:11:19.501]   Code: $__pfo_42aa2aeb9305_idx++
[01:11:19.514]   Status: OK
[01:11:19.514]   VarsRead:
[01:11:19.514]     $__pfo_42aa2aeb9305_idx = $null
[01:11:19.515]   VarsWritten:
[01:11:19.515]     $__pfo_42aa2aeb9305_idx = 1
[01:11:19.519] --- Node 9 [ProcessCondition] ---
[01:11:19.519]   Code: [bool]($__pfo_42aa2aeb9305_idx -lt $__pfo_in_42aa2aeb9305.Count)
[01:11:19.550]   Status: OK
[01:11:19.551]   VarsRead:
[01:11:19.551]     $__pfo_42aa2aeb9305_idx = $null
[01:11:19.551]     $__pfo_in_42aa2aeb9305 = $null
[01:11:19.552]   Result: True
[01:11:19.552]   ConditionResult: True
[01:11:19.562] --- Node 11 [ProcessBind] ---
[01:11:19.562]   Code: $__pfo_42aa2aeb9305_cur = $__pfo_in_42aa2aeb9305[$__pfo_42aa2aeb9305_idx]
[01:11:19.577]   Status: ERR
[01:11:19.577]   VarsRead:
[01:11:19.578]     $__pfo_42aa2aeb9305_idx = $null
[01:11:19.578]     $__pfo_in_42aa2aeb9305 = $null
[01:11:19.578]   VarsWritten:
[01:11:19.578]     $__pfo_42aa2aeb9305_cur = $null
[01:11:19.579]   Error: Cannot index into a null array.
[01:11:19.583] --- Node 12 [OutputCaptureStart] ---
[01:11:19.583]   Code: Capture Process Output
[01:11:19.585]   Status: OK
[01:11:19.585]   Action: CaptureStart
[01:11:19.589] --- Node 16 [AssignmentStatementAst] ---
[01:11:19.589]   Code: $url = $__pfo_42aa2aeb9305_cur.Scheme + '://' + $__pfo_42aa2aeb9305_cur.Domain + $__pfo_42aa2aeb9305_cur.Path + '/' + $__pfo_42aa2aeb9305_cur.File
[01:11:19.650]   Status: OK
[01:11:19.650]   VarsRead:
[01:11:19.651]     $__pfo_42aa2aeb9305_cur = $null
[01:11:19.651]   VarsWritten:
[01:11:19.651]     $url = ":///"
[01:11:19.656] --- Node 17 [PipelineElement] ---
[01:11:19.656]   Code: Write-Host $url
[01:11:19.669]   Status: OK
[01:11:19.669]   VarsRead:
[01:11:19.670]     $url = $null
[01:11:19.673] --- Node 13 [OutputCaptureEnd] ---
[01:11:19.673]   Code: Append Process Output
[01:11:19.677]   Status: OK
[01:11:19.677]   Action: CaptureEnd
[01:11:19.677]   VarsWritten:
[01:11:19.678]     $__pfo_42aa2aeb9305_out = [Object[]] Count=0 @()
[01:11:19.681] --- Node 18 [ProcessIter] ---
[01:11:19.681]   Code: $__pfo_42aa2aeb9305_idx++
[01:11:19.692]   Status: OK
[01:11:19.692]   VarsRead:
[01:11:19.693]     $__pfo_42aa2aeb9305_idx = $null
[01:11:19.693]   VarsWritten:
[01:11:19.693]     $__pfo_42aa2aeb9305_idx = 1
[01:11:19.702] --- Node 9 [ProcessCondition] ---
[01:11:19.702]   Code: [bool]($__pfo_42aa2aeb9305_idx -lt $__pfo_in_42aa2aeb9305.Count)
[01:11:19.741]   Status: OK
[01:11:19.741]   VarsRead:
[01:11:19.742]     $__pfo_42aa2aeb9305_idx = $null
[01:11:19.742]     $__pfo_in_42aa2aeb9305 = $null
[01:11:19.743]   Result: True
[01:11:19.743]   ConditionResult: True
[01:11:19.747] --- Node 11 [ProcessBind] ---
[01:11:19.747]   Code: $__pfo_42aa2aeb9305_cur = $__pfo_in_42aa2aeb9305[$__pfo_42aa2aeb9305_idx]
[01:11:19.763]   Status: ERR
[01:11:19.764]   VarsRead:
[01:11:19.764]     $__pfo_42aa2aeb9305_idx = $null
[01:11:19.764]     $__pfo_in_42aa2aeb9305 = $null
[01:11:19.764]   VarsWritten:
[01:11:19.765]     $__pfo_42aa2aeb9305_cur = $null
[01:11:19.765]   Error: Cannot index into a null array.
[01:11:19.776] --- Node 12 [OutputCaptureStart] ---
[01:11:19.776]   Code: Capture Process Output
[01:11:19.779]   Status: OK
[01:11:19.779]   Action: CaptureStart
[01:11:19.783] --- Node 16 [AssignmentStatementAst] ---
[01:11:19.783]   Code: $url = $__pfo_42aa2aeb9305_cur.Scheme + '://' + $__pfo_42aa2aeb9305_cur.Domain + $__pfo_42aa2aeb9305_cur.Path + '/' + $__pfo_42aa2aeb9305_cur.File
[01:11:19.840]   Status: OK
[01:11:19.840]   VarsRead:
[01:11:19.841]     $__pfo_42aa2aeb9305_cur = $null
[01:11:19.841]   VarsWritten:
[01:11:19.841]     $url = ":///"
[01:11:19.845] --- Node 17 [PipelineElement] ---
[01:11:19.849]   Code: Write-Host $url
[01:11:19.863]   Status: OK
[01:11:19.863]   VarsRead:
[01:11:19.864]     $url = $null
[01:11:19.868] --- Node 13 [OutputCaptureEnd] ---
[01:11:19.868]   Code: Append Process Output
[01:11:19.871]   Status: OK
[01:11:19.871]   Action: CaptureEnd
[01:11:19.872]   VarsWritten:
[01:11:19.873]     $__pfo_42aa2aeb9305_out = [Object[]] Count=0 @()
[01:11:19.877] --- Node 18 [ProcessIter] ---
[01:11:19.877]   Code: $__pfo_42aa2aeb9305_idx++
[01:11:19.890]   Status: OK
[01:11:19.890]   VarsRead:
[01:11:19.891]     $__pfo_42aa2aeb9305_idx = $null
[01:11:19.891]   VarsWritten:
[01:11:19.891]     $__pfo_42aa2aeb9305_idx = 1
[01:11:19.895] --- Node 9 [ProcessCondition] ---
[01:11:19.895]   Code: [bool]($__pfo_42aa2aeb9305_idx -lt $__pfo_in_42aa2aeb9305.Count)
[01:11:19.939]   Status: OK
[01:11:19.939]   VarsRead:
[01:11:19.940]     $__pfo_42aa2aeb9305_idx = $null
[01:11:19.940]     $__pfo_in_42aa2aeb9305 = $null
[01:11:19.940]   Result: True
[01:11:19.940]   ConditionResult: True
[01:11:19.945] --- Node 11 [ProcessBind] ---
[01:11:19.945]   Code: $__pfo_42aa2aeb9305_cur = $__pfo_in_42aa2aeb9305[$__pfo_42aa2aeb9305_idx]
[01:11:19.960]   Status: ERR
[01:11:19.960]   VarsRead:
[01:11:19.961]     $__pfo_42aa2aeb9305_idx = $null
[01:11:19.961]     $__pfo_in_42aa2aeb9305 = $null
[01:11:19.961]   VarsWritten:
[01:11:19.961]     $__pfo_42aa2aeb9305_cur = $null
[01:11:19.962]   Error: Cannot index into a null array.
[01:11:19.966] --- Node 12 [OutputCaptureStart] ---
[01:11:19.966]   Code: Capture Process Output
[01:11:19.968]   Status: OK
[01:11:19.968]   Action: CaptureStart
[01:11:19.973] --- Node 16 [AssignmentStatementAst] ---
[01:11:19.973]   Code: $url = $__pfo_42aa2aeb9305_cur.Scheme + '://' + $__pfo_42aa2aeb9305_cur.Domain + $__pfo_42aa2aeb9305_cur.Path + '/' + $__pfo_42aa2aeb9305_cur.File
[01:11:20.040]   Status: OK
[01:11:20.040]   VarsRead:
[01:11:20.040]     $__pfo_42aa2aeb9305_cur = $null
[01:11:20.041]   VarsWritten:
[01:11:20.041]     $url = ":///"
[01:11:20.045] --- Node 17 [PipelineElement] ---
[01:11:20.045]   Code: Write-Host $url
[01:11:20.060]   Status: OK
[01:11:20.060]   VarsRead:
[01:11:20.061]     $url = $null
[01:11:20.065] --- Node 13 [OutputCaptureEnd] ---
[01:11:20.065]   Code: Append Process Output
[01:11:20.068]   Status: OK
[01:11:20.069]   Action: CaptureEnd
[01:11:20.069]   VarsWritten:
[01:11:20.070]     $__pfo_42aa2aeb9305_out = [Object[]] Count=0 @()
[01:11:20.079] --- Node 18 [ProcessIter] ---
[01:11:20.079]   Code: $__pfo_42aa2aeb9305_idx++
[01:11:20.091]   Status: OK
[01:11:20.091]   VarsRead:
[01:11:20.092]     $__pfo_42aa2aeb9305_idx = $null
[01:11:20.092]   VarsWritten:
[01:11:20.092]     $__pfo_42aa2aeb9305_idx = 1
[01:11:20.096] --- Node 9 [ProcessCondition] ---
[01:11:20.096]   Code: [bool]($__pfo_42aa2aeb9305_idx -lt $__pfo_in_42aa2aeb9305.Count)
[01:11:20.134]   Status: OK
[01:11:20.134]   VarsRead:
[01:11:20.135]     $__pfo_42aa2aeb9305_idx = $null
[01:11:20.135]     $__pfo_in_42aa2aeb9305 = $null
[01:11:20.135]   Result: True
[01:11:20.135]   ConditionResult: True
[01:11:20.148] --- Node 11 [ProcessBind] ---
[01:11:20.148]   Code: $__pfo_42aa2aeb9305_cur = $__pfo_in_42aa2aeb9305[$__pfo_42aa2aeb9305_idx]
[01:11:20.165]   Status: ERR
[01:11:20.165]   VarsRead:
[01:11:20.166]     $__pfo_42aa2aeb9305_idx = $null
[01:11:20.166]     $__pfo_in_42aa2aeb9305 = $null
[01:11:20.166]   VarsWritten:
[01:11:20.166]     $__pfo_42aa2aeb9305_cur = $null
[01:11:20.166]   Error: Cannot index into a null array.
[01:11:20.170] --- Node 12 [OutputCaptureStart] ---
[01:11:20.170]   Code: Capture Process Output
[01:11:20.172]   Status: OK
[01:11:20.173]   Action: CaptureStart
[01:11:20.177] --- Node 16 [AssignmentStatementAst] ---
[01:11:20.177]   Code: $url = $__pfo_42aa2aeb9305_cur.Scheme + '://' + $__pfo_42aa2aeb9305_cur.Domain + $__pfo_42aa2aeb9305_cur.Path + '/' + $__pfo_42aa2aeb9305_cur.File
[01:11:20.241]   Status: OK
[01:11:20.241]   VarsRead:
[01:11:20.242]     $__pfo_42aa2aeb9305_cur = $null
[01:11:20.242]   VarsWritten:
[01:11:20.242]     $url = ":///"
[01:11:20.246] --- Node 17 [PipelineElement] ---
[01:11:20.246]   Code: Write-Host $url
[01:11:20.260]   Status: OK
[01:11:20.260]   VarsRead:
[01:11:20.261]     $url = $null
[01:11:20.265] --- Node 13 [OutputCaptureEnd] ---
[01:11:20.265]   Code: Append Process Output
[01:11:20.268]   Status: OK
[01:11:20.268]   Action: CaptureEnd
[01:11:20.268]   VarsWritten:
[01:11:20.270]     $__pfo_42aa2aeb9305_out = [Object[]] Count=0 @()
[01:11:20.273] --- Node 18 [ProcessIter] ---
[01:11:20.273]   Code: $__pfo_42aa2aeb9305_idx++
[01:11:20.283]   Status: OK
[01:11:20.283]   VarsRead:
[01:11:20.284]     $__pfo_42aa2aeb9305_idx = $null
[01:11:20.284]   VarsWritten:
[01:11:20.284]     $__pfo_42aa2aeb9305_idx = 1
[01:11:20.294] --- Node 9 [ProcessCondition] ---
[01:11:20.294]   Code: [bool]($__pfo_42aa2aeb9305_idx -lt $__pfo_in_42aa2aeb9305.Count)
[01:11:20.333]   Status: OK
[01:11:20.333]   VarsRead:
[01:11:20.334]     $__pfo_42aa2aeb9305_idx = $null
[01:11:20.334]     $__pfo_in_42aa2aeb9305 = $null
[01:11:20.334]   Result: True
[01:11:20.334]   ConditionResult: True
[01:11:20.338] --- Node 11 [ProcessBind] ---
[01:11:20.338]   Code: $__pfo_42aa2aeb9305_cur = $__pfo_in_42aa2aeb9305[$__pfo_42aa2aeb9305_idx]
[01:11:20.353]   Status: ERR
[01:11:20.353]   VarsRead:
[01:11:20.353]     $__pfo_42aa2aeb9305_idx = $null
[01:11:20.353]     $__pfo_in_42aa2aeb9305 = $null
[01:11:20.353]   VarsWritten:
[01:11:20.353]     $__pfo_42aa2aeb9305_cur = $null
[01:11:20.354]   Error: Cannot index into a null array.
[01:11:20.357] --- Node 12 [OutputCaptureStart] ---
[01:11:20.357]   Code: Capture Process Output
[01:11:20.359]   Status: OK
[01:11:20.359]   Action: CaptureStart
[01:11:20.366] --- Node 16 [AssignmentStatementAst] ---
[01:11:20.366]   Code: $url = $__pfo_42aa2aeb9305_cur.Scheme + '://' + $__pfo_42aa2aeb9305_cur.Domain + $__pfo_42aa2aeb9305_cur.Path + '/' + $__pfo_42aa2aeb9305_cur.File
[01:11:20.417]   Status: OK
[01:11:20.417]   VarsRead:
[01:11:20.418]     $__pfo_42aa2aeb9305_cur = $null
[01:11:20.418]   VarsWritten:
[01:11:20.419]     $url = ":///"
[01:11:20.423] --- Node 17 [PipelineElement] ---
[01:11:20.423]   Code: Write-Host $url
[01:11:20.443]   Status: OK
[01:11:20.443]   VarsRead:
[01:11:20.443]     $url = $null
[01:11:20.447] --- Node 13 [OutputCaptureEnd] ---
[01:11:20.448]   Code: Append Process Output
[01:11:20.451]   Status: OK
[01:11:20.451]   Action: CaptureEnd
[01:11:20.451]   VarsWritten:
[01:11:20.453]     $__pfo_42aa2aeb9305_out = [Object[]] Count=0 @()
[01:11:20.456] --- Node 18 [ProcessIter] ---
[01:11:20.456]   Code: $__pfo_42aa2aeb9305_idx++
[01:11:20.468]   Status: OK
[01:11:20.468]   VarsRead:
[01:11:20.469]     $__pfo_42aa2aeb9305_idx = $null
[01:11:20.469]   VarsWritten:
[01:11:20.469]     $__pfo_42aa2aeb9305_idx = 1
[01:11:20.473] --- Node 9 [ProcessCondition] ---
[01:11:20.473]   Code: [bool]($__pfo_42aa2aeb9305_idx -lt $__pfo_in_42aa2aeb9305.Count)
[01:11:20.514]   Status: OK
[01:11:20.514]   VarsRead:
[01:11:20.515]     $__pfo_42aa2aeb9305_idx = $null
[01:11:20.515]     $__pfo_in_42aa2aeb9305 = $null
[01:11:20.515]   Result: True
[01:11:20.515]   ConditionResult: True
[01:11:20.520] --- Node 11 [ProcessBind] ---
[01:11:20.520]   Code: $__pfo_42aa2aeb9305_cur = $__pfo_in_42aa2aeb9305[$__pfo_42aa2aeb9305_idx]
[01:11:20.533]   Status: ERR
[01:11:20.533]   VarsRead:
[01:11:20.534]     $__pfo_42aa2aeb9305_idx = $null
[01:11:20.534]     $__pfo_in_42aa2aeb9305 = $null
[01:11:20.534]   VarsWritten:
[01:11:20.534]     $__pfo_42aa2aeb9305_cur = $null
[01:11:20.536]   Error: Cannot index into a null array.
[01:11:20.539] --- Node 12 [OutputCaptureStart] ---
[01:11:20.539]   Code: Capture Process Output
[01:11:20.541]   Status: OK
[01:11:20.541]   Action: CaptureStart
[01:11:20.545] --- Node 16 [AssignmentStatementAst] ---
[01:11:20.545]   Code: $url = $__pfo_42aa2aeb9305_cur.Scheme + '://' + $__pfo_42aa2aeb9305_cur.Domain + $__pfo_42aa2aeb9305_cur.Path + '/' + $__pfo_42aa2aeb9305_cur.File
[01:11:20.600]   Status: OK
[01:11:20.600]   VarsRead:
[01:11:20.600]     $__pfo_42aa2aeb9305_cur = $null
[01:11:20.601]   VarsWritten:
[01:11:20.601]     $url = ":///"
[01:11:20.605] --- Node 17 [PipelineElement] ---
[01:11:20.605]   Code: Write-Host $url
[01:11:20.618]   Status: OK
[01:11:20.619]   VarsRead:
[01:11:20.620]     $url = $null
[01:11:20.623] --- Node 13 [OutputCaptureEnd] ---
[01:11:20.624]   Code: Append Process Output
[01:11:20.628]   Status: OK
[01:11:20.628]   Action: CaptureEnd
[01:11:20.628]   VarsWritten:
[01:11:20.630]     $__pfo_42aa2aeb9305_out = [Object[]] Count=0 @()
[01:11:20.638] --- Node 18 [ProcessIter] ---
[01:11:20.638]   Code: $__pfo_42aa2aeb9305_idx++
[01:11:20.650]   Status: OK
[01:11:20.650]   VarsRead:
[01:11:20.650]     $__pfo_42aa2aeb9305_idx = $null
[01:11:20.651]   VarsWritten:
[01:11:20.651]     $__pfo_42aa2aeb9305_idx = 1
[01:11:20.655] --- Node 9 [ProcessCondition] ---
[01:11:20.655]   Code: [bool]($__pfo_42aa2aeb9305_idx -lt $__pfo_in_42aa2aeb9305.Count)
[01:11:20.688]   Status: OK
[01:11:20.688]   VarsRead:
[01:11:20.689]     $__pfo_42aa2aeb9305_idx = $null
[01:11:20.689]     $__pfo_in_42aa2aeb9305 = $null
[01:11:20.689]   Result: True
[01:11:20.689]   ConditionResult: True
[01:11:20.693] --- Node 11 [ProcessBind] ---
[01:11:20.693]   Code: $__pfo_42aa2aeb9305_cur = $__pfo_in_42aa2aeb9305[$__pfo_42aa2aeb9305_idx]
[01:11:20.712]   Status: ERR
[01:11:20.712]   VarsRead:
[01:11:20.713]     $__pfo_42aa2aeb9305_idx = $null
[01:11:20.713]     $__pfo_in_42aa2aeb9305 = $null
[01:11:20.713]   VarsWritten:
[01:11:20.713]     $__pfo_42aa2aeb9305_cur = $null
[01:11:20.713]   Error: Cannot index into a null array.
[01:11:20.717] --- Node 12 [OutputCaptureStart] ---
[01:11:20.717]   Code: Capture Process Output
[01:11:20.719]   Status: OK
[01:11:20.719]   Action: CaptureStart
[01:11:20.723] --- Node 16 [AssignmentStatementAst] ---
[01:11:20.723]   Code: $url = $__pfo_42aa2aeb9305_cur.Scheme + '://' + $__pfo_42aa2aeb9305_cur.Domain + $__pfo_42aa2aeb9305_cur.Path + '/' + $__pfo_42aa2aeb9305_cur.File
[01:11:20.785]   Status: OK
[01:11:20.785]   VarsRead:
[01:11:20.786]     $__pfo_42aa2aeb9305_cur = $null
[01:11:20.786]   VarsWritten:
[01:11:20.786]     $url = ":///"
[01:11:20.790] --- Node 17 [PipelineElement] ---
[01:11:20.790]   Code: Write-Host $url
[01:11:20.804]   Status: OK
[01:11:20.804]   VarsRead:
[01:11:20.805]     $url = $null
[01:11:20.808] --- Node 13 [OutputCaptureEnd] ---
[01:11:20.808]   Code: Append Process Output
[01:11:20.811]   Status: OK
[01:11:20.811]   Action: CaptureEnd
[01:11:20.811]   VarsWritten:
[01:11:20.813]     $__pfo_42aa2aeb9305_out = [Object[]] Count=0 @()
[01:11:20.816] --- Node 18 [ProcessIter] ---
[01:11:20.816]   Code: $__pfo_42aa2aeb9305_idx++
[01:11:20.827]   Status: OK
[01:11:20.827]   VarsRead:
[01:11:20.827]     $__pfo_42aa2aeb9305_idx = $null
[01:11:20.827]   VarsWritten:
[01:11:20.828]     $__pfo_42aa2aeb9305_idx = 1
[01:11:20.838] --- Node 9 [ProcessCondition] ---
[01:11:20.838]   Code: [bool]($__pfo_42aa2aeb9305_idx -lt $__pfo_in_42aa2aeb9305.Count)
[01:11:20.875]   Status: OK
[01:11:20.875]   VarsRead:
[01:11:20.875]     $__pfo_42aa2aeb9305_idx = $null
[01:11:20.875]     $__pfo_in_42aa2aeb9305 = $null
[01:11:20.875]   Result: True
[01:11:20.876]   ConditionResult: True
[01:11:20.879] --- Node 11 [ProcessBind] ---
[01:11:20.879]   Code: $__pfo_42aa2aeb9305_cur = $__pfo_in_42aa2aeb9305[$__pfo_42aa2aeb9305_idx]
[01:11:20.893]   Status: ERR
[01:11:20.893]   VarsRead:
[01:11:20.894]     $__pfo_42aa2aeb9305_idx = $null
[01:11:20.894]     $__pfo_in_42aa2aeb9305 = $null
[01:11:20.894]   VarsWritten:
[01:11:20.894]     $__pfo_42aa2aeb9305_cur = $null
[01:11:20.894]   Error: Cannot index into a null array.
[01:11:20.898] --- Node 12 [OutputCaptureStart] ---
[01:11:20.898]   Code: Capture Process Output
[01:11:20.900]   Status: OK
[01:11:20.900]   Action: CaptureStart
[01:11:20.910] --- Node 16 [AssignmentStatementAst] ---
[01:11:20.910]   Code: $url = $__pfo_42aa2aeb9305_cur.Scheme + '://' + $__pfo_42aa2aeb9305_cur.Domain + $__pfo_42aa2aeb9305_cur.Path + '/' + $__pfo_42aa2aeb9305_cur.File
[01:11:20.966]   Status: OK
[01:11:20.967]   VarsRead:
[01:11:20.968]     $__pfo_42aa2aeb9305_cur = $null
[01:11:20.968]   VarsWritten:
[01:11:20.968]     $url = ":///"
[01:11:20.972] --- Node 17 [PipelineElement] ---
[01:11:20.973]   Code: Write-Host $url
[01:11:20.988]   Status: OK
[01:11:20.988]   VarsRead:
[01:11:20.989]     $url = $null
[01:11:20.993] --- Node 13 [OutputCaptureEnd] ---
[01:11:20.993]   Code: Append Process Output
[01:11:20.997]   Status: OK
[01:11:20.997]   Action: CaptureEnd
[01:11:20.997]   VarsWritten:
[01:11:20.999]     $__pfo_42aa2aeb9305_out = [Object[]] Count=0 @()
[01:11:21.003] --- Node 18 [ProcessIter] ---
[01:11:21.003]   Code: $__pfo_42aa2aeb9305_idx++
[01:11:21.014]   Status: OK
[01:11:21.014]   VarsRead:
[01:11:21.014]     $__pfo_42aa2aeb9305_idx = $null
[01:11:21.015]   VarsWritten:
[01:11:21.015]     $__pfo_42aa2aeb9305_idx = 1
[01:11:21.018] --- Node 9 [ProcessCondition] ---
[01:11:21.018]   Code: [bool]($__pfo_42aa2aeb9305_idx -lt $__pfo_in_42aa2aeb9305.Count)
[01:11:21.058]   Status: OK
[01:11:21.058]   VarsRead:
[01:11:21.059]     $__pfo_42aa2aeb9305_idx = $null
[01:11:21.059]     $__pfo_in_42aa2aeb9305 = $null
[01:11:21.059]   Result: True
[01:11:21.059]   ConditionResult: True
[01:11:21.063] --- Node 11 [ProcessBind] ---
[01:11:21.063]   Code: $__pfo_42aa2aeb9305_cur = $__pfo_in_42aa2aeb9305[$__pfo_42aa2aeb9305_idx]
[01:11:21.077]   Status: ERR
[01:11:21.077]   VarsRead:
[01:11:21.078]     $__pfo_42aa2aeb9305_idx = $null
[01:11:21.078]     $__pfo_in_42aa2aeb9305 = $null
[01:11:21.078]   VarsWritten:
[01:11:21.078]     $__pfo_42aa2aeb9305_cur = $null
[01:11:21.078]   Error: Cannot index into a null array.
[01:11:21.081] --- Node 12 [OutputCaptureStart] ---
[01:11:21.081]   Code: Capture Process Output
[01:11:21.083]   Status: OK
[01:11:21.083]   Action: CaptureStart
[01:11:21.087] --- Node 16 [AssignmentStatementAst] ---
[01:11:21.087]   Code: $url = $__pfo_42aa2aeb9305_cur.Scheme + '://' + $__pfo_42aa2aeb9305_cur.Domain + $__pfo_42aa2aeb9305_cur.Path + '/' + $__pfo_42aa2aeb9305_cur.File
[01:11:21.146]   Status: OK
[01:11:21.146]   VarsRead:
[01:11:21.146]     $__pfo_42aa2aeb9305_cur = $null
[01:11:21.146]   VarsWritten:
[01:11:21.147]     $url = ":///"
[01:11:21.150] --- Node 17 [PipelineElement] ---
[01:11:21.150]   Code: Write-Host $url
[01:11:21.164]   Status: OK
[01:11:21.164]   VarsRead:
[01:11:21.164]     $url = $null
[01:11:21.169] --- Node 13 [OutputCaptureEnd] ---
[01:11:21.169]   Code: Append Process Output
[01:11:21.173]   Status: OK
[01:11:21.173]   Action: CaptureEnd
[01:11:21.173]   VarsWritten:
[01:11:21.175]     $__pfo_42aa2aeb9305_out = [Object[]] Count=0 @()
[01:11:21.187] --- Node 18 [ProcessIter] ---
[01:11:21.187]   Code: $__pfo_42aa2aeb9305_idx++
[01:11:21.199]   Status: OK
[01:11:21.199]   VarsRead:
[01:11:21.200]     $__pfo_42aa2aeb9305_idx = $null
[01:11:21.200]   VarsWritten:
[01:11:21.200]     $__pfo_42aa2aeb9305_idx = 1
[01:11:21.205] --- Node 9 [ProcessCondition] ---
[01:11:21.205]   Code: [bool]($__pfo_42aa2aeb9305_idx -lt $__pfo_in_42aa2aeb9305.Count)
[01:11:21.242]   Status: OK
[01:11:21.242]   VarsRead:
[01:11:21.243]     $__pfo_42aa2aeb9305_idx = $null
[01:11:21.243]     $__pfo_in_42aa2aeb9305 = $null
[01:11:21.243]   Result: True
[01:11:21.243]   ConditionResult: True
[01:11:21.247] --- Node 11 [ProcessBind] ---
[01:11:21.247]   Code: $__pfo_42aa2aeb9305_cur = $__pfo_in_42aa2aeb9305[$__pfo_42aa2aeb9305_idx]
[01:11:21.261]   Status: ERR
[01:11:21.265]   VarsRead:
[01:11:21.265]     $__pfo_42aa2aeb9305_idx = $null
[01:11:21.266]     $__pfo_in_42aa2aeb9305 = $null
[01:11:21.266]   VarsWritten:
[01:11:21.266]     $__pfo_42aa2aeb9305_cur = $null
[01:11:21.266]   Error: Cannot index into a null array.
[01:11:21.271] --- Node 12 [OutputCaptureStart] ---
[01:11:21.271]   Code: Capture Process Output
[01:11:21.273]   Status: OK
[01:11:21.273]   Action: CaptureStart
[01:11:21.276] --- Node 16 [AssignmentStatementAst] ---
[01:11:21.276]   Code: $url = $__pfo_42aa2aeb9305_cur.Scheme + '://' + $__pfo_42aa2aeb9305_cur.Domain + $__pfo_42aa2aeb9305_cur.Path + '/' + $__pfo_42aa2aeb9305_cur.File
[01:11:21.344]   Status: OK
[01:11:21.344]   VarsRead:
[01:11:21.345]     $__pfo_42aa2aeb9305_cur = $null
[01:11:21.345]   VarsWritten:
[01:11:21.348]     $url = ":///"
[01:11:21.353] --- Node 17 [PipelineElement] ---
[01:11:21.353]   Code: Write-Host $url
[01:11:21.367]   Status: OK
[01:11:21.367]   VarsRead:
[01:11:21.369]     $url = $null
[01:11:21.374] --- Node 13 [OutputCaptureEnd] ---
[01:11:21.374]   Code: Append Process Output
[01:11:21.377]   Status: OK
[01:11:21.377]   Action: CaptureEnd
[01:11:21.377]   VarsWritten:
[01:11:21.378]     $__pfo_42aa2aeb9305_out = [Object[]] Count=0 @()
[01:11:21.383] --- Node 18 [ProcessIter] ---
[01:11:21.383]   Code: $__pfo_42aa2aeb9305_idx++
[01:11:21.394]   Status: OK
[01:11:21.394]   VarsRead:
[01:11:21.394]     $__pfo_42aa2aeb9305_idx = $null
[01:11:21.394]   VarsWritten:
[01:11:21.394]     $__pfo_42aa2aeb9305_idx = 1
[01:11:21.399] --- Node 9 [ProcessCondition] ---
[01:11:21.399]   Code: [bool]($__pfo_42aa2aeb9305_idx -lt $__pfo_in_42aa2aeb9305.Count)
[01:11:21.443]   Status: OK
[01:11:21.444]   VarsRead:
[01:11:21.444]     $__pfo_42aa2aeb9305_idx = $null
[01:11:21.445]     $__pfo_in_42aa2aeb9305 = $null
[01:11:21.445]   Result: True
[01:11:21.445]   ConditionResult: True
[01:11:21.449] --- Node 11 [ProcessBind] ---
[01:11:21.449]   Code: $__pfo_42aa2aeb9305_cur = $__pfo_in_42aa2aeb9305[$__pfo_42aa2aeb9305_idx]
[01:11:21.465]   Status: ERR
[01:11:21.465]   VarsRead:
[01:11:21.466]     $__pfo_42aa2aeb9305_idx = $null
[01:11:21.466]     $__pfo_in_42aa2aeb9305 = $null
[01:11:21.466]   VarsWritten:
[01:11:21.466]     $__pfo_42aa2aeb9305_cur = $null
[01:11:21.466]   Error: Cannot index into a null array.
[01:11:21.471] --- Node 12 [OutputCaptureStart] ---
[01:11:21.471]   Code: Capture Process Output
[01:11:21.474]   Status: OK
[01:11:21.474]   Action: CaptureStart
[01:11:21.487] --- Node 16 [AssignmentStatementAst] ---
[01:11:21.487]   Code: $url = $__pfo_42aa2aeb9305_cur.Scheme + '://' + $__pfo_42aa2aeb9305_cur.Domain + $__pfo_42aa2aeb9305_cur.Path + '/' + $__pfo_42aa2aeb9305_cur.File
[01:11:21.543]   Status: OK
[01:11:21.543]   VarsRead:
[01:11:21.544]     $__pfo_42aa2aeb9305_cur = $null
[01:11:21.544]   VarsWritten:
[01:11:21.544]     $url = ":///"
[01:11:21.548] --- Node 17 [PipelineElement] ---
[01:11:21.548]   Code: Write-Host $url
[01:11:21.562]   Status: OK
[01:11:21.562]   VarsRead:
[01:11:21.563]     $url = $null
[01:11:21.570] --- Node 13 [OutputCaptureEnd] ---
[01:11:21.571]   Code: Append Process Output
[01:11:21.574]   Status: OK
[01:11:21.574]   Action: CaptureEnd
[01:11:21.574]   VarsWritten:
[01:11:21.576]     $__pfo_42aa2aeb9305_out = [Object[]] Count=0 @()
[01:11:21.579] --- Node 18 [ProcessIter] ---
[01:11:21.579]   Code: $__pfo_42aa2aeb9305_idx++
[01:11:21.590]   Status: OK
[01:11:21.590]   VarsRead:
[01:11:21.591]     $__pfo_42aa2aeb9305_idx = $null
[01:11:21.591]   VarsWritten:
[01:11:21.591]     $__pfo_42aa2aeb9305_idx = 1
[01:11:21.596] --- Node 9 [ProcessCondition] ---
[01:11:21.596]   Code: [bool]($__pfo_42aa2aeb9305_idx -lt $__pfo_in_42aa2aeb9305.Count)
[01:11:21.634]   Status: OK
[01:11:21.635]   VarsRead:
[01:11:21.636]     $__pfo_42aa2aeb9305_idx = $null
[01:11:21.636]     $__pfo_in_42aa2aeb9305 = $null
[01:11:21.636]   Result: True
[01:11:21.639]   ConditionResult: True
[01:11:21.644] --- Node 11 [ProcessBind] ---
[01:11:21.644]   Code: $__pfo_42aa2aeb9305_cur = $__pfo_in_42aa2aeb9305[$__pfo_42aa2aeb9305_idx]
[01:11:21.660]   Status: ERR
[01:11:21.660]   VarsRead:
[01:11:21.661]     $__pfo_42aa2aeb9305_idx = $null
[01:11:21.661]     $__pfo_in_42aa2aeb9305 = $null
[01:11:21.661]   VarsWritten:
[01:11:21.661]     $__pfo_42aa2aeb9305_cur = $null
[01:11:21.661]   Error: Cannot index into a null array.
[01:11:21.665] --- Node 12 [OutputCaptureStart] ---
[01:11:21.665]   Code: Capture Process Output
[01:11:21.667]   Status: OK
[01:11:21.667]   Action: CaptureStart
[01:11:21.670] --- Node 16 [AssignmentStatementAst] ---
[01:11:21.670]   Code: $url = $__pfo_42aa2aeb9305_cur.Scheme + '://' + $__pfo_42aa2aeb9305_cur.Domain + $__pfo_42aa2aeb9305_cur.Path + '/' + $__pfo_42aa2aeb9305_cur.File
[01:11:21.730]   Status: OK
[01:11:21.730]   VarsRead:
[01:11:21.732]     $__pfo_42aa2aeb9305_cur = $null
[01:11:21.732]   VarsWritten:
[01:11:21.732]     $url = ":///"
[01:11:21.736] --- Node 17 [PipelineElement] ---
[01:11:21.736]   Code: Write-Host $url
[01:11:21.750]   Status: OK
[01:11:21.750]   VarsRead:
[01:11:21.751]     $url = $null
[01:11:21.755] --- Node 13 [OutputCaptureEnd] ---
[01:11:21.755]   Code: Append Process Output
[01:11:21.759]   Status: OK
[01:11:21.759]   Action: CaptureEnd
[01:11:21.759]   VarsWritten:
[01:11:21.761]     $__pfo_42aa2aeb9305_out = [Object[]] Count=0 @()
[01:11:21.764] --- Node 18 [ProcessIter] ---
[01:11:21.765]   Code: $__pfo_42aa2aeb9305_idx++
[01:11:21.779]   Status: OK
[01:11:21.779]   VarsRead:
[01:11:21.780]     $__pfo_42aa2aeb9305_idx = $null
[01:11:21.780]   VarsWritten:
[01:11:21.780]     $__pfo_42aa2aeb9305_idx = 1
[01:11:21.783] --- Node 9 [ProcessCondition] ---
[01:11:21.784]   Code: [bool]($__pfo_42aa2aeb9305_idx -lt $__pfo_in_42aa2aeb9305.Count)
[01:11:21.814]   Status: OK
[01:11:21.814]   VarsRead:
[01:11:21.815]     $__pfo_42aa2aeb9305_idx = $null
[01:11:21.815]     $__pfo_in_42aa2aeb9305 = $null
[01:11:21.815]   Result: True
[01:11:21.815]   ConditionResult: True
[01:11:21.819] --- Node 11 [ProcessBind] ---
[01:11:21.819]   Code: $__pfo_42aa2aeb9305_cur = $__pfo_in_42aa2aeb9305[$__pfo_42aa2aeb9305_idx]
[01:11:21.833]   Status: ERR
[01:11:21.833]   VarsRead:
[01:11:21.834]     $__pfo_42aa2aeb9305_idx = $null
[01:11:21.834]     $__pfo_in_42aa2aeb9305 = $null
[01:11:21.834]   VarsWritten:
[01:11:21.834]     $__pfo_42aa2aeb9305_cur = $null
[01:11:21.834]   Error: Cannot index into a null array.
[01:11:21.842] --- Node 12 [OutputCaptureStart] ---
[01:11:21.842]   Code: Capture Process Output
[01:11:21.844]   Status: OK
[01:11:21.844]   Action: CaptureStart
[01:11:21.847] --- Node 16 [AssignmentStatementAst] ---
[01:11:21.848]   Code: $url = $__pfo_42aa2aeb9305_cur.Scheme + '://' + $__pfo_42aa2aeb9305_cur.Domain + $__pfo_42aa2aeb9305_cur.Path + '/' + $__pfo_42aa2aeb9305_cur.File
[01:11:21.900]   Status: OK
[01:11:21.900]   VarsRead:
[01:11:21.901]     $__pfo_42aa2aeb9305_cur = $null
[01:11:21.901]   VarsWritten:
[01:11:21.901]     $url = ":///"
[01:11:21.909] --- Node 17 [PipelineElement] ---
[01:11:21.909]   Code: Write-Host $url
[01:11:21.923]   Status: OK
[01:11:21.923]   VarsRead:
[01:11:21.923]     $url = $null
[01:11:21.928] --- Node 13 [OutputCaptureEnd] ---
[01:11:21.928]   Code: Append Process Output
[01:11:21.932]   Status: OK
[01:11:21.932]   Action: CaptureEnd
[01:11:21.932]   VarsWritten:
[01:11:21.934]     $__pfo_42aa2aeb9305_out = [Object[]] Count=0 @()
[01:11:21.937] --- Node 18 [ProcessIter] ---
[01:11:21.938]   Code: $__pfo_42aa2aeb9305_idx++
[01:11:21.948]   Status: OK
[01:11:21.948]   VarsRead:
[01:11:21.949]     $__pfo_42aa2aeb9305_idx = $null
[01:11:21.949]   VarsWritten:
[01:11:21.949]     $__pfo_42aa2aeb9305_idx = 1
[01:11:21.953] --- Node 9 [ProcessCondition] ---
[01:11:21.953]   Code: [bool]($__pfo_42aa2aeb9305_idx -lt $__pfo_in_42aa2aeb9305.Count)
[01:11:21.993]   Status: OK
[01:11:21.993]   VarsRead:
[01:11:21.993]     $__pfo_42aa2aeb9305_idx = $null
[01:11:21.994]     $__pfo_in_42aa2aeb9305 = $null
[01:11:21.994]   Result: True
[01:11:21.994]   ConditionResult: True
[01:11:21.997] --- Node 11 [ProcessBind] ---
[01:11:21.998]   Code: $__pfo_42aa2aeb9305_cur = $__pfo_in_42aa2aeb9305[$__pfo_42aa2aeb9305_idx]
[01:11:22.011]   Status: ERR
[01:11:22.011]   VarsRead:
[01:11:22.012]     $__pfo_42aa2aeb9305_idx = $null
[01:11:22.012]     $__pfo_in_42aa2aeb9305 = $null
[01:11:22.012]   VarsWritten:
[01:11:22.012]     $__pfo_42aa2aeb9305_cur = $null
[01:11:22.012]   Error: Cannot index into a null array.
[01:11:22.015] --- Node 12 [OutputCaptureStart] ---
[01:11:22.015]   Code: Capture Process Output
[01:11:22.017]   Status: OK
[01:11:22.017]   Action: CaptureStart
[01:11:22.021] --- Node 16 [AssignmentStatementAst] ---
[01:11:22.021]   Code: $url = $__pfo_42aa2aeb9305_cur.Scheme + '://' + $__pfo_42aa2aeb9305_cur.Domain + $__pfo_42aa2aeb9305_cur.Path + '/' + $__pfo_42aa2aeb9305_cur.File
[01:11:22.082]   Status: OK
[01:11:22.082]   VarsRead:
[01:11:22.082]     $__pfo_42aa2aeb9305_cur = $null
[01:11:22.083]   VarsWritten:
[01:11:22.083]     $url = ":///"
[01:11:22.087] --- Node 17 [PipelineElement] ---
[01:11:22.087]   Code: Write-Host $url
[01:11:22.102]   Status: OK
[01:11:22.102]   VarsRead:
[01:11:22.103]     $url = $null
[01:11:22.114] --- Node 13 [OutputCaptureEnd] ---
[01:11:22.114]   Code: Append Process Output
[01:11:22.118]   Status: OK
[01:11:22.118]   Action: CaptureEnd
[01:11:22.118]   VarsWritten:
[01:11:22.120]     $__pfo_42aa2aeb9305_out = [Object[]] Count=0 @()
[01:11:22.124] --- Node 18 [ProcessIter] ---
[01:11:22.124]   Code: $__pfo_42aa2aeb9305_idx++
[01:11:22.135]   Status: OK
[01:11:22.135]   VarsRead:
[01:11:22.136]     $__pfo_42aa2aeb9305_idx = $null
[01:11:22.136]   VarsWritten:
[01:11:22.136]     $__pfo_42aa2aeb9305_idx = 1
[01:11:22.140] --- Node 9 [ProcessCondition] ---
[01:11:22.140]   Code: [bool]($__pfo_42aa2aeb9305_idx -lt $__pfo_in_42aa2aeb9305.Count)
[01:11:22.180]   Status: OK
[01:11:22.180]   VarsRead:
[01:11:22.181]     $__pfo_42aa2aeb9305_idx = $null
[01:11:22.181]     $__pfo_in_42aa2aeb9305 = $null
[01:11:22.181]   Result: True
[01:11:22.181]   ConditionResult: True
[01:11:22.190] --- Node 11 [ProcessBind] ---
[01:11:22.190]   Code: $__pfo_42aa2aeb9305_cur = $__pfo_in_42aa2aeb9305[$__pfo_42aa2aeb9305_idx]
[01:11:22.206]   Status: ERR
[01:11:22.206]   VarsRead:
[01:11:22.207]     $__pfo_42aa2aeb9305_idx = $null
[01:11:22.207]     $__pfo_in_42aa2aeb9305 = $null
[01:11:22.207]   VarsWritten:
[01:11:22.207]     $__pfo_42aa2aeb9305_cur = $null
[01:11:22.207]   Error: Cannot index into a null array.
[01:11:22.211] --- Node 12 [OutputCaptureStart] ---
[01:11:22.211]   Code: Capture Process Output
[01:11:22.213]   Status: OK
[01:11:22.213]   Action: CaptureStart
[01:11:22.216] --- Node 16 [AssignmentStatementAst] ---
[01:11:22.216]   Code: $url = $__pfo_42aa2aeb9305_cur.Scheme + '://' + $__pfo_42aa2aeb9305_cur.Domain + $__pfo_42aa2aeb9305_cur.Path + '/' + $__pfo_42aa2aeb9305_cur.File
[01:11:22.274]   Status: OK
[01:11:22.275]   VarsRead:
[01:11:22.275]     $__pfo_42aa2aeb9305_cur = $null
[01:11:22.275]   VarsWritten:
[01:11:22.275]     $url = ":///"
[01:11:22.279] --- Node 17 [PipelineElement] ---
[01:11:22.279]   Code: Write-Host $url
[01:11:22.292]   Status: OK
[01:11:22.292]   VarsRead:
[01:11:22.293]     $url = $null
[01:11:22.296] --- Node 13 [OutputCaptureEnd] ---
[01:11:22.296]   Code: Append Process Output
[01:11:22.299]   Status: OK
[01:11:22.299]   Action: CaptureEnd
[01:11:22.300]   VarsWritten:
[01:11:22.301]     $__pfo_42aa2aeb9305_out = [Object[]] Count=0 @()
[01:11:22.305] --- Node 18 [ProcessIter] ---
[01:11:22.305]   Code: $__pfo_42aa2aeb9305_idx++
[01:11:22.322]   Status: OK
[01:11:22.322]   VarsRead:
[01:11:22.322]     $__pfo_42aa2aeb9305_idx = $null
[01:11:22.323]   VarsWritten:
[01:11:22.323]     $__pfo_42aa2aeb9305_idx = 1
[01:11:22.326] --- Node 9 [ProcessCondition] ---
[01:11:22.326]   Code: [bool]($__pfo_42aa2aeb9305_idx -lt $__pfo_in_42aa2aeb9305.Count)
[01:11:22.360]   Status: OK
[01:11:22.360]   VarsRead:
[01:11:22.361]     $__pfo_42aa2aeb9305_idx = $null
[01:11:22.361]     $__pfo_in_42aa2aeb9305 = $null
[01:11:22.361]   Result: True
[01:11:22.361]   ConditionResult: True
[01:11:22.365] --- Node 11 [ProcessBind] ---
[01:11:22.365]   Code: $__pfo_42aa2aeb9305_cur = $__pfo_in_42aa2aeb9305[$__pfo_42aa2aeb9305_idx]
[01:11:22.379]   Status: ERR
[01:11:22.379]   VarsRead:
[01:11:22.380]     $__pfo_42aa2aeb9305_idx = $null
[01:11:22.380]     $__pfo_in_42aa2aeb9305 = $null
[01:11:22.380]   VarsWritten:
[01:11:22.380]     $__pfo_42aa2aeb9305_cur = $null
[01:11:22.380]   Error: Cannot index into a null array.
[01:11:22.390] --- Node 12 [OutputCaptureStart] ---
[01:11:22.390]   Code: Capture Process Output
[01:11:22.392]   Status: OK
[01:11:22.392]   Action: CaptureStart
[01:11:22.396] --- Node 16 [AssignmentStatementAst] ---
[01:11:22.396]   Code: $url = $__pfo_42aa2aeb9305_cur.Scheme + '://' + $__pfo_42aa2aeb9305_cur.Domain + $__pfo_42aa2aeb9305_cur.Path + '/' + $__pfo_42aa2aeb9305_cur.File
[01:11:22.453]   Status: OK
[01:11:22.453]   VarsRead:
[01:11:22.454]     $__pfo_42aa2aeb9305_cur = $null
[01:11:22.455]   VarsWritten:
[01:11:22.455]     $url = ":///"
[01:11:22.466] --- Node 17 [PipelineElement] ---
[01:11:22.466]   Code: Write-Host $url
[01:11:22.480]   Status: OK
[01:11:22.480]   VarsRead:
[01:11:22.481]     $url = $null
[01:11:22.485] --- Node 13 [OutputCaptureEnd] ---
[01:11:22.485]   Code: Append Process Output
[01:11:22.488]   Status: OK
[01:11:22.488]   Action: CaptureEnd
[01:11:22.488]   VarsWritten:
[01:11:22.490]     $__pfo_42aa2aeb9305_out = [Object[]] Count=0 @()
[01:11:22.493] --- Node 18 [ProcessIter] ---
[01:11:22.493]   Code: $__pfo_42aa2aeb9305_idx++
[01:11:22.503]   Status: OK
[01:11:22.503]   VarsRead:
[01:11:22.504]     $__pfo_42aa2aeb9305_idx = $null
[01:11:22.504]   VarsWritten:
[01:11:22.504]     $__pfo_42aa2aeb9305_idx = 1
[01:11:22.508] --- Node 9 [ProcessCondition] ---
[01:11:22.508]   Code: [bool]($__pfo_42aa2aeb9305_idx -lt $__pfo_in_42aa2aeb9305.Count)
[01:11:22.547]   Status: OK
[01:11:22.547]   VarsRead:
[01:11:22.547]     $__pfo_42aa2aeb9305_idx = $null
[01:11:22.548]     $__pfo_in_42aa2aeb9305 = $null
[01:11:22.548]   Result: True
[01:11:22.548]   ConditionResult: True
[01:11:22.552] --- Node 11 [ProcessBind] ---
[01:11:22.552]   Code: $__pfo_42aa2aeb9305_cur = $__pfo_in_42aa2aeb9305[$__pfo_42aa2aeb9305_idx]
[01:11:22.568]   Status: ERR
[01:11:22.568]   VarsRead:
[01:11:22.569]     $__pfo_42aa2aeb9305_idx = $null
[01:11:22.569]     $__pfo_in_42aa2aeb9305 = $null
[01:11:22.569]   VarsWritten:
[01:11:22.569]     $__pfo_42aa2aeb9305_cur = $null
[01:11:22.569]   Error: Cannot index into a null array.
[01:11:22.573] --- Node 12 [OutputCaptureStart] ---
[01:11:22.573]   Code: Capture Process Output
[01:11:22.576]   Status: OK
[01:11:22.576]   Action: CaptureStart
[01:11:22.578] --- Node 16 [AssignmentStatementAst] ---
[01:11:22.579]   Code: $url = $__pfo_42aa2aeb9305_cur.Scheme + '://' + $__pfo_42aa2aeb9305_cur.Domain + $__pfo_42aa2aeb9305_cur.Path + '/' + $__pfo_42aa2aeb9305_cur.File
[01:11:22.639]   Status: OK
[01:11:22.639]   VarsRead:
[01:11:22.640]     $__pfo_42aa2aeb9305_cur = $null
[01:11:22.640]   VarsWritten:
[01:11:22.640]     $url = ":///"
[01:11:22.644] --- Node 17 [PipelineElement] ---
[01:11:22.644]   Code: Write-Host $url
[01:11:22.654]   Status: OK
[01:11:22.654]   VarsRead:
[01:11:22.655]     $url = $null
[01:11:22.666] --- Node 13 [OutputCaptureEnd] ---
[01:11:22.666]   Code: Append Process Output
[01:11:22.670]   Status: OK
[01:11:22.670]   Action: CaptureEnd
[01:11:22.670]   VarsWritten:
[01:11:22.672]     $__pfo_42aa2aeb9305_out = [Object[]] Count=0 @()
[01:11:22.676] --- Node 18 [ProcessIter] ---
[01:11:22.676]   Code: $__pfo_42aa2aeb9305_idx++
[01:11:22.686]   Status: OK
[01:11:22.686]   VarsRead:
[01:11:22.687]     $__pfo_42aa2aeb9305_idx = $null
[01:11:22.687]   VarsWritten:
[01:11:22.687]     $__pfo_42aa2aeb9305_idx = 1
[01:11:22.691] --- Node 9 [ProcessCondition] ---
[01:11:22.691]   Code: [bool]($__pfo_42aa2aeb9305_idx -lt $__pfo_in_42aa2aeb9305.Count)
[01:11:22.725]   Status: OK
[01:11:22.726]   VarsRead:
[01:11:22.727]     $__pfo_42aa2aeb9305_idx = $null
[01:11:22.727]     $__pfo_in_42aa2aeb9305 = $null
[01:11:22.727]   Result: True
[01:11:22.727]   ConditionResult: True
[01:11:22.738] --- Node 11 [ProcessBind] ---
[01:11:22.738]   Code: $__pfo_42aa2aeb9305_cur = $__pfo_in_42aa2aeb9305[$__pfo_42aa2aeb9305_idx]
[01:11:22.755]   Status: ERR
[01:11:22.755]   VarsRead:
[01:11:22.756]     $__pfo_42aa2aeb9305_idx = $null
[01:11:22.756]     $__pfo_in_42aa2aeb9305 = $null
[01:11:22.756]   VarsWritten:
[01:11:22.756]     $__pfo_42aa2aeb9305_cur = $null
[01:11:22.756]   Error: Cannot index into a null array.
[01:11:22.760] --- Node 12 [OutputCaptureStart] ---
[01:11:22.760]   Code: Capture Process Output
[01:11:22.762]   Status: OK
[01:11:22.762]   Action: CaptureStart
[01:11:22.765] --- Node 16 [AssignmentStatementAst] ---
[01:11:22.765]   Code: $url = $__pfo_42aa2aeb9305_cur.Scheme + '://' + $__pfo_42aa2aeb9305_cur.Domain + $__pfo_42aa2aeb9305_cur.Path + '/' + $__pfo_42aa2aeb9305_cur.File
[01:11:22.823]   Status: OK
[01:11:22.823]   VarsRead:
[01:11:22.824]     $__pfo_42aa2aeb9305_cur = $null
[01:11:22.824]   VarsWritten:
[01:11:22.824]     $url = ":///"
[01:11:22.828] --- Node 17 [PipelineElement] ---
[01:11:22.828]   Code: Write-Host $url
[01:11:22.839]   Status: OK
[01:11:22.840]   VarsRead:
[01:11:22.840]     $url = $null
[01:11:22.844] --- Node 13 [OutputCaptureEnd] ---
[01:11:22.844]   Code: Append Process Output
[01:11:22.847]   Status: OK
[01:11:22.847]   Action: CaptureEnd
[01:11:22.847]   VarsWritten:
[01:11:22.848]     $__pfo_42aa2aeb9305_out = [Object[]] Count=0 @()
[01:11:22.852] --- Node 18 [ProcessIter] ---
[01:11:22.852]   Code: $__pfo_42aa2aeb9305_idx++
[01:11:22.863]   Status: OK
[01:11:22.863]   VarsRead:
[01:11:22.863]     $__pfo_42aa2aeb9305_idx = $null
[01:11:22.863]   VarsWritten:
[01:11:22.863]     $__pfo_42aa2aeb9305_idx = 1
[01:11:22.872] --- Node 9 [ProcessCondition] ---
[01:11:22.872]   Code: [bool]($__pfo_42aa2aeb9305_idx -lt $__pfo_in_42aa2aeb9305.Count)
[01:11:22.907]   Status: OK
[01:11:22.907]   VarsRead:
[01:11:22.908]     $__pfo_42aa2aeb9305_idx = $null
[01:11:22.908]     $__pfo_in_42aa2aeb9305 = $null
[01:11:22.908]   Result: True
[01:11:22.908]   ConditionResult: True
[01:11:22.912] --- Node 11 [ProcessBind] ---
[01:11:22.912]   Code: $__pfo_42aa2aeb9305_cur = $__pfo_in_42aa2aeb9305[$__pfo_42aa2aeb9305_idx]
[01:11:22.927]   Status: ERR
[01:11:22.927]   VarsRead:
[01:11:22.928]     $__pfo_42aa2aeb9305_idx = $null
[01:11:22.928]     $__pfo_in_42aa2aeb9305 = $null
[01:11:22.928]   VarsWritten:
[01:11:22.928]     $__pfo_42aa2aeb9305_cur = $null
[01:11:22.928]   Error: Cannot index into a null array.
[01:11:22.932] --- Node 12 [OutputCaptureStart] ---
[01:11:22.937]   Code: Capture Process Output
[01:11:22.939]   Status: OK
[01:11:22.939]   Action: CaptureStart
[01:11:22.943] --- Node 16 [AssignmentStatementAst] ---
[01:11:22.943]   Code: $url = $__pfo_42aa2aeb9305_cur.Scheme + '://' + $__pfo_42aa2aeb9305_cur.Domain + $__pfo_42aa2aeb9305_cur.Path + '/' + $__pfo_42aa2aeb9305_cur.File
[01:11:22.996]   Status: OK
[01:11:22.996]   VarsRead:
[01:11:22.996]     $__pfo_42aa2aeb9305_cur = $null
[01:11:22.996]   VarsWritten:
[01:11:22.997]     $url = ":///"
[01:11:23.000] --- Node 17 [PipelineElement] ---
[01:11:23.000]   Code: Write-Host $url
[01:11:23.018]   Status: OK
[01:11:23.018]   VarsRead:
[01:11:23.019]     $url = $null
[01:11:23.023] --- Node 13 [OutputCaptureEnd] ---
[01:11:23.023]   Code: Append Process Output
[01:11:23.026]   Status: OK
[01:11:23.026]   Action: CaptureEnd
[01:11:23.026]   VarsWritten:
[01:11:23.028]     $__pfo_42aa2aeb9305_out = [Object[]] Count=0 @()
[01:11:23.031] --- Node 18 [ProcessIter] ---
[01:11:23.031]   Code: $__pfo_42aa2aeb9305_idx++
[01:11:23.043]   Status: OK
[01:11:23.043]   VarsRead:
[01:11:23.044]     $__pfo_42aa2aeb9305_idx = $null
[01:11:23.044]   VarsWritten:
[01:11:23.044]     $__pfo_42aa2aeb9305_idx = 1
[01:11:23.048] --- Node 9 [ProcessCondition] ---
[01:11:23.048]   Code: [bool]($__pfo_42aa2aeb9305_idx -lt $__pfo_in_42aa2aeb9305.Count)
[01:11:23.086]   Status: OK
[01:11:23.086]   VarsRead:
[01:11:23.087]     $__pfo_42aa2aeb9305_idx = $null
[01:11:23.087]     $__pfo_in_42aa2aeb9305 = $null
[01:11:23.088]   Result: True
[01:11:23.088]   ConditionResult: True
[01:11:23.091] --- Node 11 [ProcessBind] ---
[01:11:23.091]   Code: $__pfo_42aa2aeb9305_cur = $__pfo_in_42aa2aeb9305[$__pfo_42aa2aeb9305_idx]
[01:11:23.107]   Status: ERR
[01:11:23.107]   VarsRead:
[01:11:23.108]     $__pfo_42aa2aeb9305_idx = $null
[01:11:23.108]     $__pfo_in_42aa2aeb9305 = $null
[01:11:23.108]   VarsWritten:
[01:11:23.108]     $__pfo_42aa2aeb9305_cur = $null
[01:11:23.108]   Error: Cannot index into a null array.
[01:11:23.113] --- Node 12 [OutputCaptureStart] ---
[01:11:23.113]   Code: Capture Process Output
[01:11:23.115]   Status: OK
[01:11:23.115]   Action: CaptureStart
[01:11:23.118] --- Node 16 [AssignmentStatementAst] ---
[01:11:23.118]   Code: $url = $__pfo_42aa2aeb9305_cur.Scheme + '://' + $__pfo_42aa2aeb9305_cur.Domain + $__pfo_42aa2aeb9305_cur.Path + '/' + $__pfo_42aa2aeb9305_cur.File
[01:11:23.176]   Status: OK
[01:11:23.176]   VarsRead:
[01:11:23.177]     $__pfo_42aa2aeb9305_cur = $null
[01:11:23.177]   VarsWritten:
[01:11:23.177]     $url = ":///"
[01:11:23.181] --- Node 17 [PipelineElement] ---
[01:11:23.181]   Code: Write-Host $url
[01:11:23.195]   Status: OK
[01:11:23.195]   VarsRead:
[01:11:23.196]     $url = $null
[01:11:23.199] --- Node 13 [OutputCaptureEnd] ---
[01:11:23.199]   Code: Append Process Output
[01:11:23.204]   Status: OK
[01:11:23.204]   Action: CaptureEnd
[01:11:23.204]   VarsWritten:
[01:11:23.206]     $__pfo_42aa2aeb9305_out = [Object[]] Count=0 @()
[01:11:23.213] --- Node 18 [ProcessIter] ---
[01:11:23.213]   Code: $__pfo_42aa2aeb9305_idx++
[01:11:23.226]   Status: OK
[01:11:23.226]   VarsRead:
[01:11:23.227]     $__pfo_42aa2aeb9305_idx = $null
[01:11:23.227]   VarsWritten:
[01:11:23.227]     $__pfo_42aa2aeb9305_idx = 1
[01:11:23.230] --- Node 9 [ProcessCondition] ---
[01:11:23.230]   Code: [bool]($__pfo_42aa2aeb9305_idx -lt $__pfo_in_42aa2aeb9305.Count)
[01:11:23.263]   Status: OK
[01:11:23.263]   VarsRead:
[01:11:23.264]     $__pfo_42aa2aeb9305_idx = $null
[01:11:23.264]     $__pfo_in_42aa2aeb9305 = $null
[01:11:23.264]   Result: True
[01:11:23.264]   ConditionResult: True
[01:11:23.268] --- Node 11 [ProcessBind] ---
[01:11:23.268]   Code: $__pfo_42aa2aeb9305_cur = $__pfo_in_42aa2aeb9305[$__pfo_42aa2aeb9305_idx]
[01:11:23.287]   Status: ERR
[01:11:23.287]   VarsRead:
[01:11:23.288]     $__pfo_42aa2aeb9305_idx = $null
[01:11:23.288]     $__pfo_in_42aa2aeb9305 = $null
[01:11:23.288]   VarsWritten:
[01:11:23.289]     $__pfo_42aa2aeb9305_cur = $null
[01:11:23.289]   Error: Cannot index into a null array.
[01:11:23.293] --- Node 12 [OutputCaptureStart] ---
[01:11:23.293]   Code: Capture Process Output
[01:11:23.295]   Status: OK
[01:11:23.295]   Action: CaptureStart
[01:11:23.300] --- Node 16 [AssignmentStatementAst] ---
[01:11:23.300]   Code: $url = $__pfo_42aa2aeb9305_cur.Scheme + '://' + $__pfo_42aa2aeb9305_cur.Domain + $__pfo_42aa2aeb9305_cur.Path + '/' + $__pfo_42aa2aeb9305_cur.File
[01:11:23.357]   Status: OK
[01:11:23.357]   VarsRead:
[01:11:23.357]     $__pfo_42aa2aeb9305_cur = $null
[01:11:23.359]   VarsWritten:
[01:11:23.359]     $url = ":///"
[01:11:23.364] --- Node 17 [PipelineElement] ---
[01:11:23.364]   Code: Write-Host $url
[01:11:23.378]   Status: OK
[01:11:23.378]   VarsRead:
[01:11:23.378]     $url = $null
[01:11:23.382] --- Node 13 [OutputCaptureEnd] ---
[01:11:23.382]   Code: Append Process Output
[01:11:23.385]   Status: OK
[01:11:23.385]   Action: CaptureEnd
[01:11:23.385]   VarsWritten:
[01:11:23.387]     $__pfo_42aa2aeb9305_out = [Object[]] Count=0 @()
[01:11:23.390] --- Node 18 [ProcessIter] ---
[01:11:23.390]   Code: $__pfo_42aa2aeb9305_idx++
[01:11:23.400]   Status: OK
[01:11:23.400]   VarsRead:
[01:11:23.401]     $__pfo_42aa2aeb9305_idx = $null
[01:11:23.401]   VarsWritten:
[01:11:23.401]     $__pfo_42aa2aeb9305_idx = 1
[01:11:23.412] --- Node 9 [ProcessCondition] ---
[01:11:23.412]   Code: [bool]($__pfo_42aa2aeb9305_idx -lt $__pfo_in_42aa2aeb9305.Count)
[01:11:23.450]   Status: OK
[01:11:23.450]   VarsRead:
[01:11:23.451]     $__pfo_42aa2aeb9305_idx = $null
[01:11:23.451]     $__pfo_in_42aa2aeb9305 = $null
[01:11:23.451]   Result: True
[01:11:23.451]   ConditionResult: True
[01:11:23.456] --- Node 11 [ProcessBind] ---
[01:11:23.456]   Code: $__pfo_42aa2aeb9305_cur = $__pfo_in_42aa2aeb9305[$__pfo_42aa2aeb9305_idx]
[01:11:23.470]   Status: ERR
[01:11:23.470]   VarsRead:
[01:11:23.471]     $__pfo_42aa2aeb9305_idx = $null
[01:11:23.471]     $__pfo_in_42aa2aeb9305 = $null
[01:11:23.471]   VarsWritten:
[01:11:23.471]     $__pfo_42aa2aeb9305_cur = $null
[01:11:23.472]   Error: Cannot index into a null array.
[01:11:23.475] --- Node 12 [OutputCaptureStart] ---
[01:11:23.475]   Code: Capture Process Output
[01:11:23.477]   Status: OK
[01:11:23.477]   Action: CaptureStart
[01:11:23.484] --- Node 16 [AssignmentStatementAst] ---
[01:11:23.484]   Code: $url = $__pfo_42aa2aeb9305_cur.Scheme + '://' + $__pfo_42aa2aeb9305_cur.Domain + $__pfo_42aa2aeb9305_cur.Path + '/' + $__pfo_42aa2aeb9305_cur.File
[01:11:23.537]   Status: OK
[01:11:23.537]   VarsRead:
[01:11:23.538]     $__pfo_42aa2aeb9305_cur = $null
[01:11:23.538]   VarsWritten:
[01:11:23.538]     $url = ":///"
[01:11:23.542] --- Node 17 [PipelineElement] ---
[01:11:23.542]   Code: Write-Host $url
[01:11:23.560]   Status: OK
[01:11:23.560]   VarsRead:
[01:11:23.561]     $url = $null
[01:11:23.565] --- Node 13 [OutputCaptureEnd] ---
[01:11:23.565]   Code: Append Process Output
[01:11:23.568]   Status: OK
[01:11:23.568]   Action: CaptureEnd
[01:11:23.568]   VarsWritten:
[01:11:23.570]     $__pfo_42aa2aeb9305_out = [Object[]] Count=0 @()
[01:11:23.573] --- Node 18 [ProcessIter] ---
[01:11:23.573]   Code: $__pfo_42aa2aeb9305_idx++
[01:11:23.583]   Status: OK
[01:11:23.583]   VarsRead:
[01:11:23.584]     $__pfo_42aa2aeb9305_idx = $null
[01:11:23.584]   VarsWritten:
[01:11:23.584]     $__pfo_42aa2aeb9305_idx = 1
[01:11:23.588] --- Node 9 [ProcessCondition] ---
[01:11:23.588]   Code: [bool]($__pfo_42aa2aeb9305_idx -lt $__pfo_in_42aa2aeb9305.Count)
[01:11:23.627]   Status: OK
[01:11:23.627]   VarsRead:
[01:11:23.628]     $__pfo_42aa2aeb9305_idx = $null
[01:11:23.628]     $__pfo_in_42aa2aeb9305 = $null
[01:11:23.629]   Result: True
[01:11:23.629]   ConditionResult: True
[01:11:23.632] --- Node 11 [ProcessBind] ---
[01:11:23.632]   Code: $__pfo_42aa2aeb9305_cur = $__pfo_in_42aa2aeb9305[$__pfo_42aa2aeb9305_idx]
[01:11:23.645]   Status: ERR
[01:11:23.645]   VarsRead:
[01:11:23.646]     $__pfo_42aa2aeb9305_idx = $null
[01:11:23.646]     $__pfo_in_42aa2aeb9305 = $null
[01:11:23.646]   VarsWritten:
[01:11:23.646]     $__pfo_42aa2aeb9305_cur = $null
[01:11:23.646]   Error: Cannot index into a null array.
[01:11:23.649] --- Node 12 [OutputCaptureStart] ---
[01:11:23.649]   Code: Capture Process Output
[01:11:23.651]   Status: OK
[01:11:23.651]   Action: CaptureStart
[01:11:23.654] --- Node 16 [AssignmentStatementAst] ---
[01:11:23.654]   Code: $url = $__pfo_42aa2aeb9305_cur.Scheme + '://' + $__pfo_42aa2aeb9305_cur.Domain + $__pfo_42aa2aeb9305_cur.Path + '/' + $__pfo_42aa2aeb9305_cur.File
[01:11:23.712]   Status: OK
[01:11:23.713]   VarsRead:
[01:11:23.714]     $__pfo_42aa2aeb9305_cur = $null
[01:11:23.714]   VarsWritten:
[01:11:23.714]     $url = ":///"
[01:11:23.717] --- Node 17 [PipelineElement] ---
[01:11:23.717]   Code: Write-Host $url
[01:11:23.731]   Status: OK
[01:11:23.731]   VarsRead:
[01:11:23.732]     $url = $null
[01:11:23.736] --- Node 13 [OutputCaptureEnd] ---
[01:11:23.737]   Code: Append Process Output
[01:11:23.740]   Status: OK
[01:11:23.740]   Action: CaptureEnd
[01:11:23.740]   VarsWritten:
[01:11:23.742]     $__pfo_42aa2aeb9305_out = [Object[]] Count=0 @()
[01:11:23.749] --- Node 18 [ProcessIter] ---
[01:11:23.749]   Code: $__pfo_42aa2aeb9305_idx++
[01:11:23.761]   Status: OK
[01:11:23.762]   VarsRead:
[01:11:23.762]     $__pfo_42aa2aeb9305_idx = $null
[01:11:23.762]   VarsWritten:
[01:11:23.762]     $__pfo_42aa2aeb9305_idx = 1
[01:11:23.766] --- Node 9 [ProcessCondition] ---
[01:11:23.766]   Code: [bool]($__pfo_42aa2aeb9305_idx -lt $__pfo_in_42aa2aeb9305.Count)
[01:11:23.798]   Status: OK
[01:11:23.798]   VarsRead:
[01:11:23.799]     $__pfo_42aa2aeb9305_idx = $null
[01:11:23.799]     $__pfo_in_42aa2aeb9305 = $null
[01:11:23.799]   Result: True
[01:11:23.799]   ConditionResult: True
[01:11:23.803] --- Node 11 [ProcessBind] ---
[01:11:23.804]   Code: $__pfo_42aa2aeb9305_cur = $__pfo_in_42aa2aeb9305[$__pfo_42aa2aeb9305_idx]
[01:11:23.822]   Status: ERR
[01:11:23.822]   VarsRead:
[01:11:23.823]     $__pfo_42aa2aeb9305_idx = $null
[01:11:23.823]     $__pfo_in_42aa2aeb9305 = $null
[01:11:23.823]   VarsWritten:
[01:11:23.823]     $__pfo_42aa2aeb9305_cur = $null
[01:11:23.823]   Error: Cannot index into a null array.
[01:11:23.827] --- Node 12 [OutputCaptureStart] ---
[01:11:23.827]   Code: Capture Process Output
[01:11:23.829]   Status: OK
[01:11:23.829]   Action: CaptureStart
[01:11:23.832] --- Node 16 [AssignmentStatementAst] ---
[01:11:23.832]   Code: $url = $__pfo_42aa2aeb9305_cur.Scheme + '://' + $__pfo_42aa2aeb9305_cur.Domain + $__pfo_42aa2aeb9305_cur.Path + '/' + $__pfo_42aa2aeb9305_cur.File
[01:11:23.890]   Status: OK
[01:11:23.890]   VarsRead:
[01:11:23.891]     $__pfo_42aa2aeb9305_cur = $null
[01:11:23.891]   VarsWritten:
[01:11:23.891]     $url = ":///"
[01:11:23.895] --- Node 17 [PipelineElement] ---
[01:11:23.895]   Code: Write-Host $url
[01:11:23.907]   Status: OK
[01:11:23.907]   VarsRead:
[01:11:23.908]     $url = $null
[01:11:23.911] --- Node 13 [OutputCaptureEnd] ---
[01:11:23.911]   Code: Append Process Output
[01:11:23.915]   Status: OK
[01:11:23.915]   Action: CaptureEnd
[01:11:23.915]   VarsWritten:
[01:11:23.916]     $__pfo_42aa2aeb9305_out = [Object[]] Count=0 @()
[01:11:23.920] --- Node 18 [ProcessIter] ---
[01:11:23.920]   Code: $__pfo_42aa2aeb9305_idx++
[01:11:23.931]   Status: OK
[01:11:23.931]   VarsRead:
[01:11:23.932]     $__pfo_42aa2aeb9305_idx = $null
[01:11:23.932]   VarsWritten:
[01:11:23.932]     $__pfo_42aa2aeb9305_idx = 1
[01:11:23.944] --- Node 9 [ProcessCondition] ---
[01:11:23.944]   Code: [bool]($__pfo_42aa2aeb9305_idx -lt $__pfo_in_42aa2aeb9305.Count)
[01:11:23.981]   Status: OK
[01:11:23.981]   VarsRead:
[01:11:23.981]     $__pfo_42aa2aeb9305_idx = $null
[01:11:23.982]     $__pfo_in_42aa2aeb9305 = $null
[01:11:23.982]   Result: True
[01:11:23.982]   ConditionResult: True
[01:11:23.986] --- Node 11 [ProcessBind] ---
[01:11:23.986]   Code: $__pfo_42aa2aeb9305_cur = $__pfo_in_42aa2aeb9305[$__pfo_42aa2aeb9305_idx]
[01:11:24.000]   Status: ERR
[01:11:24.001]   VarsRead:
[01:11:24.001]     $__pfo_42aa2aeb9305_idx = $null
[01:11:24.002]     $__pfo_in_42aa2aeb9305 = $null
[01:11:24.002]   VarsWritten:
[01:11:24.002]     $__pfo_42aa2aeb9305_cur = $null
[01:11:24.002]   Error: Cannot index into a null array.
[01:11:24.006] --- Node 12 [OutputCaptureStart] ---
[01:11:24.006]   Code: Capture Process Output
[01:11:24.008]   Status: OK
[01:11:24.008]   Action: CaptureStart
[01:11:24.017] --- Node 16 [AssignmentStatementAst] ---
[01:11:24.017]   Code: $url = $__pfo_42aa2aeb9305_cur.Scheme + '://' + $__pfo_42aa2aeb9305_cur.Domain + $__pfo_42aa2aeb9305_cur.Path + '/' + $__pfo_42aa2aeb9305_cur.File
[01:11:24.074]   Status: OK
[01:11:24.074]   VarsRead:
[01:11:24.075]     $__pfo_42aa2aeb9305_cur = $null
[01:11:24.075]   VarsWritten:
[01:11:24.075]     $url = ":///"
[01:11:24.079] --- Node 17 [PipelineElement] ---
[01:11:24.079]   Code: Write-Host $url
[01:11:24.098]   Status: OK
[01:11:24.098]   VarsRead:
[01:11:24.099]     $url = $null
[01:11:24.104] --- Node 13 [OutputCaptureEnd] ---
[01:11:24.104]   Code: Append Process Output
[01:11:24.107]   Status: OK
[01:11:24.107]   Action: CaptureEnd
[01:11:24.107]   VarsWritten:
[01:11:24.109]     $__pfo_42aa2aeb9305_out = [Object[]] Count=0 @()
[01:11:24.113] --- Node 18 [ProcessIter] ---
[01:11:24.113]   Code: $__pfo_42aa2aeb9305_idx++
[01:11:24.125]   Status: OK
[01:11:24.126]   VarsRead:
[01:11:24.127]     $__pfo_42aa2aeb9305_idx = $null
[01:11:24.127]   VarsWritten:
[01:11:24.127]     $__pfo_42aa2aeb9305_idx = 1
[01:11:24.131] --- Node 9 [ProcessCondition] ---
[01:11:24.131]   Code: [bool]($__pfo_42aa2aeb9305_idx -lt $__pfo_in_42aa2aeb9305.Count)
[01:11:24.169]   Status: OK
[01:11:24.169]   VarsRead:
[01:11:24.170]     $__pfo_42aa2aeb9305_idx = $null
[01:11:24.170]     $__pfo_in_42aa2aeb9305 = $null
[01:11:24.170]   Result: True
[01:11:24.170]   ConditionResult: True
[01:11:24.175] --- Node 11 [ProcessBind] ---
[01:11:24.175]   Code: $__pfo_42aa2aeb9305_cur = $__pfo_in_42aa2aeb9305[$__pfo_42aa2aeb9305_idx]
[01:11:24.193]   Status: ERR
[01:11:24.193]   VarsRead:
[01:11:24.194]     $__pfo_42aa2aeb9305_idx = $null
[01:11:24.194]     $__pfo_in_42aa2aeb9305 = $null
[01:11:24.194]   VarsWritten:
[01:11:24.194]     $__pfo_42aa2aeb9305_cur = $null
[01:11:24.194]   Error: Cannot index into a null array.
[01:11:24.198] --- Node 12 [OutputCaptureStart] ---
[01:11:24.199]   Code: Capture Process Output
[01:11:24.201]   Status: OK
[01:11:24.201]   Action: CaptureStart
[01:11:24.205] --- Node 16 [AssignmentStatementAst] ---
[01:11:24.205]   Code: $url = $__pfo_42aa2aeb9305_cur.Scheme + '://' + $__pfo_42aa2aeb9305_cur.Domain + $__pfo_42aa2aeb9305_cur.Path + '/' + $__pfo_42aa2aeb9305_cur.File
[01:11:24.272]   Status: OK
[01:11:24.272]   VarsRead:
[01:11:24.273]     $__pfo_42aa2aeb9305_cur = $null
[01:11:24.273]   VarsWritten:
[01:11:24.273]     $url = ":///"
[01:11:24.277] --- Node 17 [PipelineElement] ---
[01:11:24.277]   Code: Write-Host $url
[01:11:24.289]   Status: OK
[01:11:24.289]   VarsRead:
[01:11:24.290]     $url = $null
[01:11:24.294] --- Node 13 [OutputCaptureEnd] ---
[01:11:24.294]   Code: Append Process Output
[01:11:24.297]   Status: OK
[01:11:24.297]   Action: CaptureEnd
[01:11:24.297]   VarsWritten:
[01:11:24.298]     $__pfo_42aa2aeb9305_out = [Object[]] Count=0 @()
[01:11:24.308] --- Node 18 [ProcessIter] ---
[01:11:24.308]   Code: $__pfo_42aa2aeb9305_idx++
[01:11:24.321]   Status: OK
[01:11:24.321]   VarsRead:
[01:11:24.322]     $__pfo_42aa2aeb9305_idx = $null
[01:11:24.322]   VarsWritten:
[01:11:24.322]     $__pfo_42aa2aeb9305_idx = 1
[01:11:24.325] --- Node 9 [ProcessCondition] ---
[01:11:24.326]   Code: [bool]($__pfo_42aa2aeb9305_idx -lt $__pfo_in_42aa2aeb9305.Count)
[01:11:24.359]   Status: OK
[01:11:24.360]   VarsRead:
[01:11:24.360]     $__pfo_42aa2aeb9305_idx = $null
[01:11:24.360]     $__pfo_in_42aa2aeb9305 = $null
[01:11:24.361]   Result: True
[01:11:24.361]   ConditionResult: True
[01:11:24.365] --- Node 11 [ProcessBind] ---
[01:11:24.365]   Code: $__pfo_42aa2aeb9305_cur = $__pfo_in_42aa2aeb9305[$__pfo_42aa2aeb9305_idx]
[01:11:24.384]   Status: ERR
[01:11:24.384]   VarsRead:
[01:11:24.384]     $__pfo_42aa2aeb9305_idx = $null
[01:11:24.384]     $__pfo_in_42aa2aeb9305 = $null
[01:11:24.384]   VarsWritten:
[01:11:24.385]     $__pfo_42aa2aeb9305_cur = $null
[01:11:24.385]   Error: Cannot index into a null array.
[01:11:24.388] --- Node 12 [OutputCaptureStart] ---
[01:11:24.389]   Code: Capture Process Output
[01:11:24.391]   Status: OK
[01:11:24.391]   Action: CaptureStart
[01:11:24.395] --- Node 16 [AssignmentStatementAst] ---
[01:11:24.395]   Code: $url = $__pfo_42aa2aeb9305_cur.Scheme + '://' + $__pfo_42aa2aeb9305_cur.Domain + $__pfo_42aa2aeb9305_cur.Path + '/' + $__pfo_42aa2aeb9305_cur.File
[01:11:24.464]   Status: OK
[01:11:24.464]   VarsRead:
[01:11:24.465]     $__pfo_42aa2aeb9305_cur = $null
[01:11:24.465]   VarsWritten:
[01:11:24.465]     $url = ":///"
[01:11:24.470] --- Node 17 [PipelineElement] ---
[01:11:24.470]   Code: Write-Host $url
[01:11:24.489]   Status: OK
[01:11:24.489]   VarsRead:
[01:11:24.490]     $url = $null
[01:11:24.494] --- Node 13 [OutputCaptureEnd] ---
[01:11:24.494]   Code: Append Process Output
[01:11:24.498]   Status: OK
[01:11:24.498]   Action: CaptureEnd
[01:11:24.498]   VarsWritten:
[01:11:24.500]     $__pfo_42aa2aeb9305_out = [Object[]] Count=0 @()
[01:11:24.504] --- Node 18 [ProcessIter] ---
[01:11:24.504]   Code: $__pfo_42aa2aeb9305_idx++
[01:11:24.517]   Status: OK
[01:11:24.517]   VarsRead:
[01:11:24.517]     $__pfo_42aa2aeb9305_idx = $null
[01:11:24.518]   VarsWritten:
[01:11:24.518]     $__pfo_42aa2aeb9305_idx = 1
[01:11:24.524] --- Node 9 [ProcessCondition] ---
[01:11:24.525]   Code: [bool]($__pfo_42aa2aeb9305_idx -lt $__pfo_in_42aa2aeb9305.Count)
[01:11:24.561]   Status: OK
[01:11:24.562]   VarsRead:
[01:11:24.564]     $__pfo_42aa2aeb9305_idx = $null
[01:11:24.564]     $__pfo_in_42aa2aeb9305 = $null
[01:11:24.564]   Result: True
[01:11:24.564]   ConditionResult: True
[01:11:24.568] --- Node 11 [ProcessBind] ---
[01:11:24.568]   Code: $__pfo_42aa2aeb9305_cur = $__pfo_in_42aa2aeb9305[$__pfo_42aa2aeb9305_idx]
[01:11:24.581]   Status: ERR
[01:11:24.581]   VarsRead:
[01:11:24.581]     $__pfo_42aa2aeb9305_idx = $null
[01:11:24.582]     $__pfo_in_42aa2aeb9305 = $null
[01:11:24.582]   VarsWritten:
[01:11:24.582]     $__pfo_42aa2aeb9305_cur = $null
[01:11:24.582]   Error: Cannot index into a null array.
[01:11:24.585] --- Node 12 [OutputCaptureStart] ---
[01:11:24.585]   Code: Capture Process Output
[01:11:24.586]   Status: OK
[01:11:24.587]   Action: CaptureStart
[01:11:24.597] --- Node 16 [AssignmentStatementAst] ---
[01:11:24.597]   Code: $url = $__pfo_42aa2aeb9305_cur.Scheme + '://' + $__pfo_42aa2aeb9305_cur.Domain + $__pfo_42aa2aeb9305_cur.Path + '/' + $__pfo_42aa2aeb9305_cur.File
[01:11:24.648]   Status: OK
[01:11:24.649]   VarsRead:
[01:11:24.649]     $__pfo_42aa2aeb9305_cur = $null
[01:11:24.649]   VarsWritten:
[01:11:24.649]     $url = ":///"
[01:11:24.653] --- Node 17 [PipelineElement] ---
[01:11:24.653]   Code: Write-Host $url
[01:11:24.666]   Status: OK
[01:11:24.667]   VarsRead:
[01:11:24.667]     $url = $null
[01:11:24.676] --- Node 13 [OutputCaptureEnd] ---
[01:11:24.676]   Code: Append Process Output
[01:11:24.680]   Status: OK
[01:11:24.681]   Action: CaptureEnd
[01:11:24.681]   VarsWritten:
[01:11:24.683]     $__pfo_42aa2aeb9305_out = [Object[]] Count=0 @()
[01:11:24.686] --- Node 18 [ProcessIter] ---
[01:11:24.686]   Code: $__pfo_42aa2aeb9305_idx++
[01:11:24.699]   Status: OK
[01:11:24.699]   VarsRead:
[01:11:24.700]     $__pfo_42aa2aeb9305_idx = $null
[01:11:24.700]   VarsWritten:
[01:11:24.700]     $__pfo_42aa2aeb9305_idx = 1
[01:11:24.705] --- Node 9 [ProcessCondition] ---
[01:11:24.705]   Code: [bool]($__pfo_42aa2aeb9305_idx -lt $__pfo_in_42aa2aeb9305.Count)
[01:11:24.745]   Status: OK
[01:11:24.745]   VarsRead:
[01:11:24.746]     $__pfo_42aa2aeb9305_idx = $null
[01:11:24.746]     $__pfo_in_42aa2aeb9305 = $null
[01:11:24.746]   Result: True
[01:11:24.746]   ConditionResult: True
[01:11:24.750] --- Node 11 [ProcessBind] ---
[01:11:24.750]   Code: $__pfo_42aa2aeb9305_cur = $__pfo_in_42aa2aeb9305[$__pfo_42aa2aeb9305_idx]
[01:11:24.765]   Status: ERR
[01:11:24.765]   VarsRead:
[01:11:24.766]     $__pfo_42aa2aeb9305_idx = $null
[01:11:24.766]     $__pfo_in_42aa2aeb9305 = $null
[01:11:24.766]   VarsWritten:
[01:11:24.766]     $__pfo_42aa2aeb9305_cur = $null
[01:11:24.766]   Error: Cannot index into a null array.
[01:11:24.770] --- Node 12 [OutputCaptureStart] ---
[01:11:24.770]   Code: Capture Process Output
[01:11:24.772]   Status: OK
[01:11:24.772]   Action: CaptureStart
[01:11:24.775] --- Node 16 [AssignmentStatementAst] ---
[01:11:24.775]   Code: $url = $__pfo_42aa2aeb9305_cur.Scheme + '://' + $__pfo_42aa2aeb9305_cur.Domain + $__pfo_42aa2aeb9305_cur.Path + '/' + $__pfo_42aa2aeb9305_cur.File
[01:11:24.832]   Status: OK
[01:11:24.832]   VarsRead:
[01:11:24.832]     $__pfo_42aa2aeb9305_cur = $null
[01:11:24.833]   VarsWritten:
[01:11:24.833]     $url = ":///"
[01:11:24.836] --- Node 17 [PipelineElement] ---
[01:11:24.836]   Code: Write-Host $url
[01:11:24.849]   Status: OK
[01:11:24.849]   VarsRead:
[01:11:24.850]     $url = $null
[01:11:24.853] --- Node 13 [OutputCaptureEnd] ---
[01:11:24.853]   Code: Append Process Output
[01:11:24.857]   Status: OK
[01:11:24.857]   Action: CaptureEnd
[01:11:24.857]   VarsWritten:
[01:11:24.859]     $__pfo_42aa2aeb9305_out = [Object[]] Count=0 @()
[01:11:24.870] --- Node 18 [ProcessIter] ---
[01:11:24.871]   Code: $__pfo_42aa2aeb9305_idx++
[01:11:24.883]   Status: OK
[01:11:24.884]   VarsRead:
[01:11:24.884]     $__pfo_42aa2aeb9305_idx = $null
[01:11:24.884]   VarsWritten:
[01:11:24.884]     $__pfo_42aa2aeb9305_idx = 1
[01:11:24.888] --- Node 9 [ProcessCondition] ---
[01:11:24.888]   Code: [bool]($__pfo_42aa2aeb9305_idx -lt $__pfo_in_42aa2aeb9305.Count)
[01:11:24.922]   Status: OK
[01:11:24.922]   VarsRead:
[01:11:24.923]     $__pfo_42aa2aeb9305_idx = $null
[01:11:24.924]     $__pfo_in_42aa2aeb9305 = $null
[01:11:24.924]   Result: True
[01:11:24.924]   ConditionResult: True
[01:11:24.927] --- Node 11 [ProcessBind] ---
[01:11:24.927]   Code: $__pfo_42aa2aeb9305_cur = $__pfo_in_42aa2aeb9305[$__pfo_42aa2aeb9305_idx]
[01:11:24.941]   Status: ERR
[01:11:24.942]   VarsRead:
[01:11:24.944]     $__pfo_42aa2aeb9305_idx = $null
[01:11:24.944]     $__pfo_in_42aa2aeb9305 = $null
[01:11:24.944]   VarsWritten:
[01:11:24.944]     $__pfo_42aa2aeb9305_cur = $null
[01:11:24.944]   Error: Cannot index into a null array.
[01:11:24.951] --- Node 12 [OutputCaptureStart] ---
[01:11:24.951]   Code: Capture Process Output
[01:11:24.953]   Status: OK
[01:11:24.953]   Action: CaptureStart
[01:11:24.957] --- Node 16 [AssignmentStatementAst] ---
[01:11:24.957]   Code: $url = $__pfo_42aa2aeb9305_cur.Scheme + '://' + $__pfo_42aa2aeb9305_cur.Domain + $__pfo_42aa2aeb9305_cur.Path + '/' + $__pfo_42aa2aeb9305_cur.File
[01:11:25.014]   Status: OK
[01:11:25.014]   VarsRead:
[01:11:25.014]     $__pfo_42aa2aeb9305_cur = $null
[01:11:25.015]   VarsWritten:
[01:11:25.015]     $url = ":///"
[01:11:25.023] --- Node 17 [PipelineElement] ---
[01:11:25.023]   Code: Write-Host $url
[01:11:25.037]   Status: OK
[01:11:25.037]   VarsRead:
[01:11:25.038]     $url = $null
[01:11:25.042] --- Node 13 [OutputCaptureEnd] ---
[01:11:25.042]   Code: Append Process Output
[01:11:25.045]   Status: OK
[01:11:25.045]   Action: CaptureEnd
[01:11:25.046]   VarsWritten:
[01:11:25.047]     $__pfo_42aa2aeb9305_out = [Object[]] Count=0 @()
[01:11:25.051] --- Node 18 [ProcessIter] ---
[01:11:25.052]   Code: $__pfo_42aa2aeb9305_idx++
[01:11:25.063]   Status: OK
[01:11:25.063]   VarsRead:
[01:11:25.063]     $__pfo_42aa2aeb9305_idx = $null
[01:11:25.063]   VarsWritten:
[01:11:25.064]     $__pfo_42aa2aeb9305_idx = 1
[01:11:25.067] --- Node 9 [ProcessCondition] ---
[01:11:25.067]   Code: [bool]($__pfo_42aa2aeb9305_idx -lt $__pfo_in_42aa2aeb9305.Count)
[01:11:25.109]   Status: OK
[01:11:25.109]   VarsRead:
[01:11:25.110]     $__pfo_42aa2aeb9305_idx = $null
[01:11:25.110]     $__pfo_in_42aa2aeb9305 = $null
[01:11:25.110]   Result: True
[01:11:25.110]   ConditionResult: True
[01:11:25.115] --- Node 11 [ProcessBind] ---
[01:11:25.115]   Code: $__pfo_42aa2aeb9305_cur = $__pfo_in_42aa2aeb9305[$__pfo_42aa2aeb9305_idx]
[01:11:25.130]   Status: ERR
[01:11:25.130]   VarsRead:
[01:11:25.131]     $__pfo_42aa2aeb9305_idx = $null
[01:11:25.131]     $__pfo_in_42aa2aeb9305 = $null
[01:11:25.131]   VarsWritten:
[01:11:25.132]     $__pfo_42aa2aeb9305_cur = $null
[01:11:25.132]   Error: Cannot index into a null array.
[01:11:25.135] --- Node 12 [OutputCaptureStart] ---
[01:11:25.135]   Code: Capture Process Output
[01:11:25.137]   Status: OK
[01:11:25.137]   Action: CaptureStart
[01:11:25.148] --- Node 16 [AssignmentStatementAst] ---
[01:11:25.148]   Code: $url = $__pfo_42aa2aeb9305_cur.Scheme + '://' + $__pfo_42aa2aeb9305_cur.Domain + $__pfo_42aa2aeb9305_cur.Path + '/' + $__pfo_42aa2aeb9305_cur.File
[01:11:25.205]   Status: OK
[01:11:25.206]   VarsRead:
[01:11:25.206]     $__pfo_42aa2aeb9305_cur = $null
[01:11:25.207]   VarsWritten:
[01:11:25.207]     $url = ":///"
[01:11:25.211] --- Node 17 [PipelineElement] ---
[01:11:25.211]   Code: Write-Host $url
[01:11:25.228]   Status: OK
[01:11:25.228]   VarsRead:
[01:11:25.229]     $url = $null
[01:11:25.241] --- Node 13 [OutputCaptureEnd] ---
[01:11:25.241]   Code: Append Process Output
[01:11:25.246]   Status: OK
[01:11:25.246]   Action: CaptureEnd
[01:11:25.246]   VarsWritten:
[01:11:25.248]     $__pfo_42aa2aeb9305_out = [Object[]] Count=0 @()
[01:11:25.252] --- Node 18 [ProcessIter] ---
[01:11:25.252]   Code: $__pfo_42aa2aeb9305_idx++
[01:11:25.265]   Status: OK
[01:11:25.265]   VarsRead:
[01:11:25.266]     $__pfo_42aa2aeb9305_idx = $null
[01:11:25.266]   VarsWritten:
[01:11:25.266]     $__pfo_42aa2aeb9305_idx = 1
[01:11:25.270] --- Node 9 [ProcessCondition] ---
[01:11:25.270]   Code: [bool]($__pfo_42aa2aeb9305_idx -lt $__pfo_in_42aa2aeb9305.Count)
[01:11:25.305]   Status: OK
[01:11:25.305]   VarsRead:
[01:11:25.306]     $__pfo_42aa2aeb9305_idx = $null
[01:11:25.306]     $__pfo_in_42aa2aeb9305 = $null
[01:11:25.306]   Result: True
[01:11:25.306]   ConditionResult: True
[01:11:25.313] --- Node 11 [ProcessBind] ---
[01:11:25.314]   Code: $__pfo_42aa2aeb9305_cur = $__pfo_in_42aa2aeb9305[$__pfo_42aa2aeb9305_idx]
[01:11:25.327]   Status: ERR
[01:11:25.328]   VarsRead:
[01:11:25.328]     $__pfo_42aa2aeb9305_idx = $null
[01:11:25.328]     $__pfo_in_42aa2aeb9305 = $null
[01:11:25.328]   VarsWritten:
[01:11:25.328]     $__pfo_42aa2aeb9305_cur = $null
[01:11:25.328]   Error: Cannot index into a null array.
[01:11:25.332] --- Node 12 [OutputCaptureStart] ---
[01:11:25.332]   Code: Capture Process Output
[01:11:25.334]   Status: OK
[01:11:25.336]   Action: CaptureStart
[01:11:25.340] --- Node 16 [AssignmentStatementAst] ---
[01:11:25.340]   Code: $url = $__pfo_42aa2aeb9305_cur.Scheme + '://' + $__pfo_42aa2aeb9305_cur.Domain + $__pfo_42aa2aeb9305_cur.Path + '/' + $__pfo_42aa2aeb9305_cur.File
[01:11:25.400]   Status: OK
[01:11:25.400]   VarsRead:
[01:11:25.401]     $__pfo_42aa2aeb9305_cur = $null
[01:11:25.401]   VarsWritten:
[01:11:25.401]     $url = ":///"
[01:11:25.405] --- Node 17 [PipelineElement] ---
[01:11:25.405]   Code: Write-Host $url
[01:11:25.417]   Status: OK
[01:11:25.418]   VarsRead:
[01:11:25.418]     $url = $null
[01:11:25.422] --- Node 13 [OutputCaptureEnd] ---
[01:11:25.422]   Code: Append Process Output
[01:11:25.426]   Status: OK
[01:11:25.426]   Action: CaptureEnd
[01:11:25.426]   VarsWritten:
[01:11:25.428]     $__pfo_42aa2aeb9305_out = [Object[]] Count=0 @()
[01:11:25.431] --- Node 18 [ProcessIter] ---
[01:11:25.431]   Code: $__pfo_42aa2aeb9305_idx++
[01:11:25.446]   Status: OK
[01:11:25.446]   VarsRead:
[01:11:25.447]     $__pfo_42aa2aeb9305_idx = $null
[01:11:25.447]   VarsWritten:
[01:11:25.447]     $__pfo_42aa2aeb9305_idx = 1
[01:11:25.451] --- Node 9 [ProcessCondition] ---
[01:11:25.451]   Code: [bool]($__pfo_42aa2aeb9305_idx -lt $__pfo_in_42aa2aeb9305.Count)
[01:11:25.484]   Status: OK
[01:11:25.484]   VarsRead:
[01:11:25.484]     $__pfo_42aa2aeb9305_idx = $null
[01:11:25.485]     $__pfo_in_42aa2aeb9305 = $null
[01:11:25.485]   Result: True
[01:11:25.485]   ConditionResult: True
[01:11:25.490] --- Node 11 [ProcessBind] ---
[01:11:25.490]   Code: $__pfo_42aa2aeb9305_cur = $__pfo_in_42aa2aeb9305[$__pfo_42aa2aeb9305_idx]
[01:11:25.504]   Status: ERR
[01:11:25.505]   VarsRead:
[01:11:25.505]     $__pfo_42aa2aeb9305_idx = $null
[01:11:25.505]     $__pfo_in_42aa2aeb9305 = $null
[01:11:25.506]   VarsWritten:
[01:11:25.506]     $__pfo_42aa2aeb9305_cur = $null
[01:11:25.506]   Error: Cannot index into a null array.
[01:11:25.513] --- Node 12 [OutputCaptureStart] ---
[01:11:25.513]   Code: Capture Process Output
[01:11:25.515]   Status: OK
[01:11:25.515]   Action: CaptureStart
[01:11:25.518] --- Node 16 [AssignmentStatementAst] ---
[01:11:25.519]   Code: $url = $__pfo_42aa2aeb9305_cur.Scheme + '://' + $__pfo_42aa2aeb9305_cur.Domain + $__pfo_42aa2aeb9305_cur.Path + '/' + $__pfo_42aa2aeb9305_cur.File
[01:11:25.575]   Status: OK
[01:11:25.575]   VarsRead:
[01:11:25.576]     $__pfo_42aa2aeb9305_cur = $null
[01:11:25.576]   VarsWritten:
[01:11:25.576]     $url = ":///"
[01:11:25.584] --- Node 17 [PipelineElement] ---
[01:11:25.584]   Code: Write-Host $url
[01:11:25.598]   Status: OK
[01:11:25.598]   VarsRead:
[01:11:25.598]     $url = $null
[01:11:25.601] --- Node 13 [OutputCaptureEnd] ---
[01:11:25.601]   Code: Append Process Output
[01:11:25.604]   Status: OK
[01:11:25.604]   Action: CaptureEnd
[01:11:25.604]   VarsWritten:
[01:11:25.606]     $__pfo_42aa2aeb9305_out = [Object[]] Count=0 @()
[01:11:25.609] --- Node 18 [ProcessIter] ---
[01:11:25.609]   Code: $__pfo_42aa2aeb9305_idx++
[01:11:25.620]   Status: OK
[01:11:25.620]   VarsRead:
[01:11:25.621]     $__pfo_42aa2aeb9305_idx = $null
[01:11:25.621]   VarsWritten:
[01:11:25.621]     $__pfo_42aa2aeb9305_idx = 1
[01:11:25.625] --- Node 9 [ProcessCondition] ---
[01:11:25.625]   Code: [bool]($__pfo_42aa2aeb9305_idx -lt $__pfo_in_42aa2aeb9305.Count)
[01:11:25.664]   Status: OK
[01:11:25.664]   VarsRead:
[01:11:25.665]     $__pfo_42aa2aeb9305_idx = $null
[01:11:25.665]     $__pfo_in_42aa2aeb9305 = $null
[01:11:25.665]   Result: True
[01:11:25.665]   ConditionResult: True
[01:11:25.669] --- Node 11 [ProcessBind] ---
[01:11:25.669]   Code: $__pfo_42aa2aeb9305_cur = $__pfo_in_42aa2aeb9305[$__pfo_42aa2aeb9305_idx]
[01:11:25.685]   Status: ERR
[01:11:25.685]   VarsRead:
[01:11:25.686]     $__pfo_42aa2aeb9305_idx = $null
[01:11:25.686]     $__pfo_in_42aa2aeb9305 = $null
[01:11:25.686]   VarsWritten:
[01:11:25.687]     $__pfo_42aa2aeb9305_cur = $null
[01:11:25.687]   Error: Cannot index into a null array.
[01:11:25.691] --- Node 12 [OutputCaptureStart] ---
[01:11:25.691]   Code: Capture Process Output
[01:11:25.693]   Status: OK
[01:11:25.693]   Action: CaptureStart
[01:11:25.696] --- Node 16 [AssignmentStatementAst] ---
[01:11:25.696]   Code: $url = $__pfo_42aa2aeb9305_cur.Scheme + '://' + $__pfo_42aa2aeb9305_cur.Domain + $__pfo_42aa2aeb9305_cur.Path + '/' + $__pfo_42aa2aeb9305_cur.File
[01:11:25.755]   Status: OK
[01:11:25.755]   VarsRead:
[01:11:25.756]     $__pfo_42aa2aeb9305_cur = $null
[01:11:25.756]   VarsWritten:
[01:11:25.757]     $url = ":///"
[01:11:25.762] --- Node 17 [PipelineElement] ---
[01:11:25.762]   Code: Write-Host $url
[01:11:25.774]   Status: OK
[01:11:25.775]   VarsRead:
[01:11:25.775]     $url = $null
[01:11:25.784] --- Node 13 [OutputCaptureEnd] ---
[01:11:25.785]   Code: Append Process Output
[01:11:25.788]   Status: OK
[01:11:25.788]   Action: CaptureEnd
[01:11:25.789]   VarsWritten:
[01:11:25.791]     $__pfo_42aa2aeb9305_out = [Object[]] Count=0 @()
[01:11:25.794] --- Node 18 [ProcessIter] ---
[01:11:25.794]   Code: $__pfo_42aa2aeb9305_idx++
[01:11:25.807]   Status: OK
[01:11:25.807]   VarsRead:
[01:11:25.807]     $__pfo_42aa2aeb9305_idx = $null
[01:11:25.807]   VarsWritten:
[01:11:25.808]     $__pfo_42aa2aeb9305_idx = 1
[01:11:25.811] --- Node 9 [ProcessCondition] ---
[01:11:25.811]   Code: [bool]($__pfo_42aa2aeb9305_idx -lt $__pfo_in_42aa2aeb9305.Count)
[01:11:25.846]   Status: OK
[01:11:25.846]   VarsRead:
[01:11:25.847]     $__pfo_42aa2aeb9305_idx = $null
[01:11:25.847]     $__pfo_in_42aa2aeb9305 = $null
[01:11:25.847]   Result: True
[01:11:25.847]   ConditionResult: True
[01:11:25.855] --- Node 11 [ProcessBind] ---
[01:11:25.856]   Code: $__pfo_42aa2aeb9305_cur = $__pfo_in_42aa2aeb9305[$__pfo_42aa2aeb9305_idx]
[01:11:25.871]   Status: ERR
[01:11:25.871]   VarsRead:
[01:11:25.872]     $__pfo_42aa2aeb9305_idx = $null
[01:11:25.872]     $__pfo_in_42aa2aeb9305 = $null
[01:11:25.872]   VarsWritten:
[01:11:25.872]     $__pfo_42aa2aeb9305_cur = $null
[01:11:25.872]   Error: Cannot index into a null array.
[01:11:25.876] --- Node 12 [OutputCaptureStart] ---
[01:11:25.876]   Code: Capture Process Output
[01:11:25.878]   Status: OK
[01:11:25.878]   Action: CaptureStart
[01:11:25.881] --- Node 16 [AssignmentStatementAst] ---
[01:11:25.881]   Code: $url = $__pfo_42aa2aeb9305_cur.Scheme + '://' + $__pfo_42aa2aeb9305_cur.Domain + $__pfo_42aa2aeb9305_cur.Path + '/' + $__pfo_42aa2aeb9305_cur.File
[01:11:25.938]   Status: OK
[01:11:25.938]   VarsRead:
[01:11:25.939]     $__pfo_42aa2aeb9305_cur = $null
[01:11:25.939]   VarsWritten:
[01:11:25.939]     $url = ":///"
[01:11:25.943] --- Node 17 [PipelineElement] ---
[01:11:25.943]   Code: Write-Host $url
[01:11:25.955]   Status: OK
[01:11:25.955]   VarsRead:
[01:11:25.955]     $url = $null
[01:11:25.959] --- Node 13 [OutputCaptureEnd] ---
[01:11:25.959]   Code: Append Process Output
[01:11:25.963]   Status: OK
[01:11:25.963]   Action: CaptureEnd
[01:11:25.963]   VarsWritten:
[01:11:25.964]     $__pfo_42aa2aeb9305_out = [Object[]] Count=0 @()
[01:11:25.968] --- Node 18 [ProcessIter] ---
[01:11:25.968]   Code: $__pfo_42aa2aeb9305_idx++
[01:11:25.984]   Status: OK
[01:11:25.984]   VarsRead:
[01:11:25.985]     $__pfo_42aa2aeb9305_idx = $null
[01:11:25.985]   VarsWritten:
[01:11:25.985]     $__pfo_42aa2aeb9305_idx = 1
[01:11:25.989] --- Node 9 [ProcessCondition] ---
[01:11:25.989]   Code: [bool]($__pfo_42aa2aeb9305_idx -lt $__pfo_in_42aa2aeb9305.Count)
[01:11:26.020]   Status: OK
[01:11:26.021]   VarsRead:
[01:11:26.021]     $__pfo_42aa2aeb9305_idx = $null
[01:11:26.021]     $__pfo_in_42aa2aeb9305 = $null
[01:11:26.022]   Result: True
[01:11:26.022]   ConditionResult: True
[01:11:26.026] --- Node 11 [ProcessBind] ---
[01:11:26.026]   Code: $__pfo_42aa2aeb9305_cur = $__pfo_in_42aa2aeb9305[$__pfo_42aa2aeb9305_idx]
[01:11:26.040]   Status: ERR
[01:11:26.040]   VarsRead:
[01:11:26.041]     $__pfo_42aa2aeb9305_idx = $null
[01:11:26.041]     $__pfo_in_42aa2aeb9305 = $null
[01:11:26.041]   VarsWritten:
[01:11:26.041]     $__pfo_42aa2aeb9305_cur = $null
[01:11:26.041]   Error: Cannot index into a null array.
[01:11:26.051] --- Node 12 [OutputCaptureStart] ---
[01:11:26.052]   Code: Capture Process Output
[01:11:26.054]   Status: OK
[01:11:26.054]   Action: CaptureStart
[01:11:26.058] --- Node 16 [AssignmentStatementAst] ---
[01:11:26.058]   Code: $url = $__pfo_42aa2aeb9305_cur.Scheme + '://' + $__pfo_42aa2aeb9305_cur.Domain + $__pfo_42aa2aeb9305_cur.Path + '/' + $__pfo_42aa2aeb9305_cur.File
[01:11:26.116]   Status: OK
[01:11:26.116]   VarsRead:
[01:11:26.117]     $__pfo_42aa2aeb9305_cur = $null
[01:11:26.117]   VarsWritten:
[01:11:26.117]     $url = ":///"
[01:11:26.129] --- Node 17 [PipelineElement] ---
[01:11:26.129]   Code: Write-Host $url
[01:11:26.144]   Status: OK
[01:11:26.144]   VarsRead:
[01:11:26.145]     $url = $null
[01:11:26.148] --- Node 13 [OutputCaptureEnd] ---
[01:11:26.148]   Code: Append Process Output
[01:11:26.151]   Status: OK
[01:11:26.153]   Action: CaptureEnd
[01:11:26.153]   VarsWritten:
[01:11:26.155]     $__pfo_42aa2aeb9305_out = [Object[]] Count=0 @()
[01:11:26.158] --- Node 18 [ProcessIter] ---
[01:11:26.158]   Code: $__pfo_42aa2aeb9305_idx++
[01:11:26.169]   Status: OK
[01:11:26.170]   VarsRead:
[01:11:26.170]     $__pfo_42aa2aeb9305_idx = $null
[01:11:26.170]   VarsWritten:
[01:11:26.170]     $__pfo_42aa2aeb9305_idx = 1
[01:11:26.174] --- Node 9 [ProcessCondition] ---
[01:11:26.175]   Code: [bool]($__pfo_42aa2aeb9305_idx -lt $__pfo_in_42aa2aeb9305.Count)
[01:11:26.213]   Status: OK
[01:11:26.213]   VarsRead:
[01:11:26.214]     $__pfo_42aa2aeb9305_idx = $null
[01:11:26.214]     $__pfo_in_42aa2aeb9305 = $null
[01:11:26.214]   Result: True
[01:11:26.214]   ConditionResult: True
[01:11:26.218] --- Node 11 [ProcessBind] ---
[01:11:26.219]   Code: $__pfo_42aa2aeb9305_cur = $__pfo_in_42aa2aeb9305[$__pfo_42aa2aeb9305_idx]
[01:11:26.234]   Status: ERR
[01:11:26.234]   VarsRead:
[01:11:26.235]     $__pfo_42aa2aeb9305_idx = $null
[01:11:26.235]     $__pfo_in_42aa2aeb9305 = $null
[01:11:26.235]   VarsWritten:
[01:11:26.235]     $__pfo_42aa2aeb9305_cur = $null
[01:11:26.235]   Error: Cannot index into a null array.
[01:11:26.239] --- Node 12 [OutputCaptureStart] ---
[01:11:26.239]   Code: Capture Process Output
[01:11:26.241]   Status: OK
[01:11:26.241]   Action: CaptureStart
[01:11:26.245] --- Node 16 [AssignmentStatementAst] ---
[01:11:26.245]   Code: $url = $__pfo_42aa2aeb9305_cur.Scheme + '://' + $__pfo_42aa2aeb9305_cur.Domain + $__pfo_42aa2aeb9305_cur.Path + '/' + $__pfo_42aa2aeb9305_cur.File
[01:11:26.307]   Status: OK
[01:11:26.308]   VarsRead:
[01:11:26.308]     $__pfo_42aa2aeb9305_cur = $null
[01:11:26.308]   VarsWritten:
[01:11:26.309]     $url = ":///"
[01:11:26.313] --- Node 17 [PipelineElement] ---
[01:11:26.313]   Code: Write-Host $url
[01:11:26.326]   Status: OK
[01:11:26.327]   VarsRead:
[01:11:26.327]     $url = $null
[01:11:26.339] --- Node 13 [OutputCaptureEnd] ---
[01:11:26.339]   Code: Append Process Output
[01:11:26.343]   Status: OK
[01:11:26.343]   Action: CaptureEnd
[01:11:26.344]   VarsWritten:
[01:11:26.345]     $__pfo_42aa2aeb9305_out = [Object[]] Count=0 @()
[01:11:26.349] --- Node 18 [ProcessIter] ---
[01:11:26.349]   Code: $__pfo_42aa2aeb9305_idx++
[01:11:26.362]   Status: OK
[01:11:26.362]   VarsRead:
[01:11:26.363]     $__pfo_42aa2aeb9305_idx = $null
[01:11:26.363]   VarsWritten:
[01:11:26.363]     $__pfo_42aa2aeb9305_idx = 1
[01:11:26.366] --- Node 9 [ProcessCondition] ---
[01:11:26.366]   Code: [bool]($__pfo_42aa2aeb9305_idx -lt $__pfo_in_42aa2aeb9305.Count)
[01:11:26.399]   Status: OK
[01:11:26.399]   VarsRead:
[01:11:26.400]     $__pfo_42aa2aeb9305_idx = $null
[01:11:26.400]     $__pfo_in_42aa2aeb9305 = $null
[01:11:26.400]   Result: True
[01:11:26.400]   ConditionResult: True
[01:11:26.410] --- Node 11 [ProcessBind] ---
[01:11:26.410]   Code: $__pfo_42aa2aeb9305_cur = $__pfo_in_42aa2aeb9305[$__pfo_42aa2aeb9305_idx]
[01:11:26.426]   Status: ERR
[01:11:26.426]   VarsRead:
[01:11:26.427]     $__pfo_42aa2aeb9305_idx = $null
[01:11:26.427]     $__pfo_in_42aa2aeb9305 = $null
[01:11:26.427]   VarsWritten:
[01:11:26.427]     $__pfo_42aa2aeb9305_cur = $null
[01:11:26.427]   Error: Cannot index into a null array.
[01:11:26.431] --- Node 12 [OutputCaptureStart] ---
[01:11:26.431]   Code: Capture Process Output
[01:11:26.433]   Status: OK
[01:11:26.433]   Action: CaptureStart
[01:11:26.437] --- Node 16 [AssignmentStatementAst] ---
[01:11:26.437]   Code: $url = $__pfo_42aa2aeb9305_cur.Scheme + '://' + $__pfo_42aa2aeb9305_cur.Domain + $__pfo_42aa2aeb9305_cur.Path + '/' + $__pfo_42aa2aeb9305_cur.File
[01:11:26.497]   Status: OK
[01:11:26.497]   VarsRead:
[01:11:26.497]     $__pfo_42aa2aeb9305_cur = $null
[01:11:26.497]   VarsWritten:
[01:11:26.497]     $url = ":///"
[01:11:26.501] --- Node 17 [PipelineElement] ---
[01:11:26.501]   Code: Write-Host $url
[01:11:26.513]   Status: OK
[01:11:26.513]   VarsRead:
[01:11:26.514]     $url = $null
[01:11:26.518] --- Node 13 [OutputCaptureEnd] ---
[01:11:26.518]   Code: Append Process Output
[01:11:26.520]   Status: OK
[01:11:26.520]   Action: CaptureEnd
[01:11:26.521]   VarsWritten:
[01:11:26.522]     $__pfo_42aa2aeb9305_out = [Object[]] Count=0 @()
[01:11:26.525] --- Node 18 [ProcessIter] ---
[01:11:26.525]   Code: $__pfo_42aa2aeb9305_idx++
[01:11:26.535]   Status: OK
[01:11:26.535]   VarsRead:
[01:11:26.536]     $__pfo_42aa2aeb9305_idx = $null
[01:11:26.537]   VarsWritten:
[01:11:26.541]     $__pfo_42aa2aeb9305_idx = 1
[01:11:26.545] --- Node 9 [ProcessCondition] ---
[01:11:26.545]   Code: [bool]($__pfo_42aa2aeb9305_idx -lt $__pfo_in_42aa2aeb9305.Count)
[01:11:26.578]   Status: OK
[01:11:26.578]   VarsRead:
[01:11:26.579]     $__pfo_42aa2aeb9305_idx = $null
[01:11:26.579]     $__pfo_in_42aa2aeb9305 = $null
[01:11:26.579]   Result: True
[01:11:26.579]   ConditionResult: True
[01:11:26.582] --- Node 11 [ProcessBind] ---
[01:11:26.583]   Code: $__pfo_42aa2aeb9305_cur = $__pfo_in_42aa2aeb9305[$__pfo_42aa2aeb9305_idx]
[01:11:26.595]   Status: ERR
[01:11:26.595]   VarsRead:
[01:11:26.596]     $__pfo_42aa2aeb9305_idx = $null
[01:11:26.596]     $__pfo_in_42aa2aeb9305 = $null
[01:11:26.596]   VarsWritten:
[01:11:26.596]     $__pfo_42aa2aeb9305_cur = $null
[01:11:26.596]   Error: Cannot index into a null array.
[01:11:26.609] --- Node 12 [OutputCaptureStart] ---
[01:11:26.609]   Code: Capture Process Output
[01:11:26.614]   Status: OK
[01:11:26.614]   Action: CaptureStart
[01:11:26.627] --- Node 16 [AssignmentStatementAst] ---
[01:11:26.627]   Code: $url = $__pfo_42aa2aeb9305_cur.Scheme + '://' + $__pfo_42aa2aeb9305_cur.Domain + $__pfo_42aa2aeb9305_cur.Path + '/' + $__pfo_42aa2aeb9305_cur.File
[01:11:26.704]   Status: OK
[01:11:26.704]   VarsRead:
[01:11:26.705]     $__pfo_42aa2aeb9305_cur = $null
[01:11:26.705]   VarsWritten:
[01:11:26.705]     $url = ":///"
[01:11:26.715] --- Node 17 [PipelineElement] ---
[01:11:26.715]   Code: Write-Host $url
[01:11:26.728]   Status: OK
[01:11:26.728]   VarsRead:
[01:11:26.729]     $url = $null
[01:11:26.733] --- Node 13 [OutputCaptureEnd] ---
[01:11:26.733]   Code: Append Process Output
[01:11:26.736]   Status: OK
[01:11:26.736]   Action: CaptureEnd
[01:11:26.736]   VarsWritten:
[01:11:26.738]     $__pfo_42aa2aeb9305_out = [Object[]] Count=0 @()
[01:11:26.742] --- Node 18 [ProcessIter] ---
[01:11:26.742]   Code: $__pfo_42aa2aeb9305_idx++
[01:11:26.754]   Status: OK
[01:11:26.754]   VarsRead:
[01:11:26.755]     $__pfo_42aa2aeb9305_idx = $null
[01:11:26.755]   VarsWritten:
[01:11:26.755]     $__pfo_42aa2aeb9305_idx = 1
[01:11:26.760] --- Node 9 [ProcessCondition] ---
[01:11:26.760]   Code: [bool]($__pfo_42aa2aeb9305_idx -lt $__pfo_in_42aa2aeb9305.Count)
[01:11:26.797]   Status: OK
[01:11:26.797]   VarsRead:
[01:11:26.797]     $__pfo_42aa2aeb9305_idx = $null
[01:11:26.797]     $__pfo_in_42aa2aeb9305 = $null
[01:11:26.798]   Result: True
[01:11:26.798]   ConditionResult: True
[01:11:26.802] --- Node 11 [ProcessBind] ---
[01:11:26.802]   Code: $__pfo_42aa2aeb9305_cur = $__pfo_in_42aa2aeb9305[$__pfo_42aa2aeb9305_idx]
[01:11:26.816]   Status: ERR
[01:11:26.817]   VarsRead:
[01:11:26.817]     $__pfo_42aa2aeb9305_idx = $null
[01:11:26.818]     $__pfo_in_42aa2aeb9305 = $null
[01:11:26.818]   VarsWritten:
[01:11:26.818]     $__pfo_42aa2aeb9305_cur = $null
[01:11:26.818]   Error: Cannot index into a null array.
[01:11:26.822] --- Node 12 [OutputCaptureStart] ---
[01:11:26.822]   Code: Capture Process Output
[01:11:26.824]   Status: OK
[01:11:26.824]   Action: CaptureStart
[01:11:26.828] --- Node 16 [AssignmentStatementAst] ---
[01:11:26.828]   Code: $url = $__pfo_42aa2aeb9305_cur.Scheme + '://' + $__pfo_42aa2aeb9305_cur.Domain + $__pfo_42aa2aeb9305_cur.Path + '/' + $__pfo_42aa2aeb9305_cur.File
[01:11:26.893]   Status: OK
[01:11:26.894]   VarsRead:
[01:11:26.894]     $__pfo_42aa2aeb9305_cur = $null
[01:11:26.894]   VarsWritten:
[01:11:26.895]     $url = ":///"
[01:11:26.898] --- Node 17 [PipelineElement] ---
[01:11:26.898]   Code: Write-Host $url
[01:11:26.912]   Status: OK
[01:11:26.912]   VarsRead:
[01:11:26.913]     $url = $null
[01:11:26.917] --- Node 13 [OutputCaptureEnd] ---
[01:11:26.917]   Code: Append Process Output
[01:11:26.924]   Status: OK
[01:11:26.924]   Action: CaptureEnd
[01:11:26.924]   VarsWritten:
[01:11:26.926]     $__pfo_42aa2aeb9305_out = [Object[]] Count=0 @()
[01:11:26.930] --- Node 18 [ProcessIter] ---
[01:11:26.930]   Code: $__pfo_42aa2aeb9305_idx++
[01:11:26.942]   Status: OK
[01:11:26.942]   VarsRead:
[01:11:26.943]     $__pfo_42aa2aeb9305_idx = $null
[01:11:26.943]   VarsWritten:
[01:11:26.943]     $__pfo_42aa2aeb9305_idx = 1
[01:11:26.948] --- Node 9 [ProcessCondition] ---
[01:11:26.948]   Code: [bool]($__pfo_42aa2aeb9305_idx -lt $__pfo_in_42aa2aeb9305.Count)
[01:11:26.987]   Status: OK
[01:11:26.987]   VarsRead:
[01:11:26.988]     $__pfo_42aa2aeb9305_idx = $null
[01:11:26.988]     $__pfo_in_42aa2aeb9305 = $null
[01:11:26.990]   Result: True
[01:11:26.990]   ConditionResult: True
[01:11:27.002] --- Node 11 [ProcessBind] ---
[01:11:27.003]   Code: $__pfo_42aa2aeb9305_cur = $__pfo_in_42aa2aeb9305[$__pfo_42aa2aeb9305_idx]
[01:11:27.019]   Status: ERR
[01:11:27.019]   VarsRead:
[01:11:27.020]     $__pfo_42aa2aeb9305_idx = $null
[01:11:27.020]     $__pfo_in_42aa2aeb9305 = $null
[01:11:27.020]   VarsWritten:
[01:11:27.020]     $__pfo_42aa2aeb9305_cur = $null
[01:11:27.020]   Error: Cannot index into a null array.
[01:11:27.024] --- Node 12 [OutputCaptureStart] ---
[01:11:27.024]   Code: Capture Process Output
[01:11:27.026]   Status: OK
[01:11:27.026]   Action: CaptureStart
[01:11:27.030] --- Node 16 [AssignmentStatementAst] ---
[01:11:27.030]   Code: $url = $__pfo_42aa2aeb9305_cur.Scheme + '://' + $__pfo_42aa2aeb9305_cur.Domain + $__pfo_42aa2aeb9305_cur.Path + '/' + $__pfo_42aa2aeb9305_cur.File
[01:11:27.092]   Status: OK
[01:11:27.092]   VarsRead:
[01:11:27.093]     $__pfo_42aa2aeb9305_cur = $null
[01:11:27.093]   VarsWritten:
[01:11:27.093]     $url = ":///"
[01:11:27.097] --- Node 17 [PipelineElement] ---
[01:11:27.097]   Code: Write-Host $url
[01:11:27.109]   Status: OK
[01:11:27.109]   VarsRead:
[01:11:27.110]     $url = $null
[01:11:27.114] --- Node 13 [OutputCaptureEnd] ---
[01:11:27.114]   Code: Append Process Output
[01:11:27.117]   Status: OK
[01:11:27.117]   Action: CaptureEnd
[01:11:27.118]   VarsWritten:
[01:11:27.119]     $__pfo_42aa2aeb9305_out = [Object[]] Count=0 @()
[01:11:27.123] --- Node 18 [ProcessIter] ---
[01:11:27.123]   Code: $__pfo_42aa2aeb9305_idx++
[01:11:27.136]   Status: OK
[01:11:27.136]   VarsRead:
[01:11:27.137]     $__pfo_42aa2aeb9305_idx = $null
[01:11:27.137]   VarsWritten:
[01:11:27.137]     $__pfo_42aa2aeb9305_idx = 1
[01:11:27.145] --- Node 9 [ProcessCondition] ---
[01:11:27.145]   Code: [bool]($__pfo_42aa2aeb9305_idx -lt $__pfo_in_42aa2aeb9305.Count)
[01:11:27.183]   Status: OK
[01:11:27.183]   VarsRead:
[01:11:27.184]     $__pfo_42aa2aeb9305_idx = $null
[01:11:27.184]     $__pfo_in_42aa2aeb9305 = $null
[01:11:27.184]   Result: True
[01:11:27.184]   ConditionResult: True
[01:11:27.189] --- Node 11 [ProcessBind] ---
[01:11:27.189]   Code: $__pfo_42aa2aeb9305_cur = $__pfo_in_42aa2aeb9305[$__pfo_42aa2aeb9305_idx]
[01:11:27.205]   Status: ERR
[01:11:27.205]   VarsRead:
[01:11:27.205]     $__pfo_42aa2aeb9305_idx = $null
[01:11:27.206]     $__pfo_in_42aa2aeb9305 = $null
[01:11:27.206]   VarsWritten:
[01:11:27.206]     $__pfo_42aa2aeb9305_cur = $null
[01:11:27.206]   Error: Cannot index into a null array.
[01:11:27.210] --- Node 12 [OutputCaptureStart] ---
[01:11:27.210]   Code: Capture Process Output
[01:11:27.215]   Status: OK
[01:11:27.215]   Action: CaptureStart
[01:11:27.219] --- Node 16 [AssignmentStatementAst] ---
[01:11:27.219]   Code: $url = $__pfo_42aa2aeb9305_cur.Scheme + '://' + $__pfo_42aa2aeb9305_cur.Domain + $__pfo_42aa2aeb9305_cur.Path + '/' + $__pfo_42aa2aeb9305_cur.File
[01:11:27.276]   Status: OK
[01:11:27.276]   VarsRead:
[01:11:27.277]     $__pfo_42aa2aeb9305_cur = $null
[01:11:27.277]   VarsWritten:
[01:11:27.277]     $url = ":///"
[01:11:27.281] --- Node 17 [PipelineElement] ---
[01:11:27.281]   Code: Write-Host $url
[01:11:27.299]   Status: OK
[01:11:27.299]   VarsRead:
[01:11:27.300]     $url = $null
[01:11:27.304] --- Node 13 [OutputCaptureEnd] ---
[01:11:27.304]   Code: Append Process Output
[01:11:27.307]   Status: OK
[01:11:27.307]   Action: CaptureEnd
[01:11:27.307]   VarsWritten:
[01:11:27.309]     $__pfo_42aa2aeb9305_out = [Object[]] Count=0 @()
[01:11:27.313] --- Node 18 [ProcessIter] ---
[01:11:27.313]   Code: $__pfo_42aa2aeb9305_idx++
[01:11:27.325]   Status: OK
[01:11:27.325]   VarsRead:
[01:11:27.326]     $__pfo_42aa2aeb9305_idx = $null
[01:11:27.326]   VarsWritten:
[01:11:27.326]     $__pfo_42aa2aeb9305_idx = 1
[01:11:27.330] --- Node 9 [ProcessCondition] ---
[01:11:27.330]   Code: [bool]($__pfo_42aa2aeb9305_idx -lt $__pfo_in_42aa2aeb9305.Count)
[01:11:27.371]   Status: OK
[01:11:27.371]   VarsRead:
[01:11:27.372]     $__pfo_42aa2aeb9305_idx = $null
[01:11:27.372]     $__pfo_in_42aa2aeb9305 = $null
[01:11:27.372]   Result: True
[01:11:27.372]   ConditionResult: True
[01:11:27.377] --- Node 11 [ProcessBind] ---
[01:11:27.377]   Code: $__pfo_42aa2aeb9305_cur = $__pfo_in_42aa2aeb9305[$__pfo_42aa2aeb9305_idx]
[01:11:27.393]   Status: ERR
[01:11:27.393]   VarsRead:
[01:11:27.394]     $__pfo_42aa2aeb9305_idx = $null
[01:11:27.394]     $__pfo_in_42aa2aeb9305 = $null
[01:11:27.396]   VarsWritten:
[01:11:27.396]     $__pfo_42aa2aeb9305_cur = $null
[01:11:27.396]   Error: Cannot index into a null array.
[01:11:27.399] --- Node 12 [OutputCaptureStart] ---
[01:11:27.399]   Code: Capture Process Output
[01:11:27.401]   Status: OK
[01:11:27.401]   Action: CaptureStart
[01:11:27.405] --- Node 16 [AssignmentStatementAst] ---
[01:11:27.405]   Code: $url = $__pfo_42aa2aeb9305_cur.Scheme + '://' + $__pfo_42aa2aeb9305_cur.Domain + $__pfo_42aa2aeb9305_cur.Path + '/' + $__pfo_42aa2aeb9305_cur.File
[01:11:27.475]   Status: OK
[01:11:27.475]   VarsRead:
[01:11:27.476]     $__pfo_42aa2aeb9305_cur = $null
[01:11:27.476]   VarsWritten:
[01:11:27.476]     $url = ":///"
[01:11:27.481] --- Node 17 [PipelineElement] ---
[01:11:27.481]   Code: Write-Host $url
[01:11:27.495]   Status: OK
[01:11:27.495]   VarsRead:
[01:11:27.496]     $url = $null
[01:11:27.499] --- Node 13 [OutputCaptureEnd] ---
[01:11:27.500]   Code: Append Process Output
[01:11:27.503]   Status: OK
[01:11:27.504]   Action: CaptureEnd
[01:11:27.504]   VarsWritten:
[01:11:27.506]     $__pfo_42aa2aeb9305_out = [Object[]] Count=0 @()
[01:11:27.515] --- Node 18 [ProcessIter] ---
[01:11:27.515]   Code: $__pfo_42aa2aeb9305_idx++
[01:11:27.528]   Status: OK
[01:11:27.528]   VarsRead:
[01:11:27.529]     $__pfo_42aa2aeb9305_idx = $null
[01:11:27.529]   VarsWritten:
[01:11:27.529]     $__pfo_42aa2aeb9305_idx = 1
[01:11:27.533] --- Node 9 [ProcessCondition] ---
[01:11:27.533]   Code: [bool]($__pfo_42aa2aeb9305_idx -lt $__pfo_in_42aa2aeb9305.Count)
[01:11:27.566]   Status: OK
[01:11:27.566]   VarsRead:
[01:11:27.567]     $__pfo_42aa2aeb9305_idx = $null
[01:11:27.567]     $__pfo_in_42aa2aeb9305 = $null
[01:11:27.567]   Result: True
[01:11:27.567]   ConditionResult: True
[01:11:27.570] --- Node 11 [ProcessBind] ---
[01:11:27.570]   Code: $__pfo_42aa2aeb9305_cur = $__pfo_in_42aa2aeb9305[$__pfo_42aa2aeb9305_idx]
[01:11:27.590]   Status: ERR
[01:11:27.590]   VarsRead:
[01:11:27.591]     $__pfo_42aa2aeb9305_idx = $null
[01:11:27.591]     $__pfo_in_42aa2aeb9305 = $null
[01:11:27.591]   VarsWritten:
[01:11:27.591]     $__pfo_42aa2aeb9305_cur = $null
[01:11:27.591]   Error: Cannot index into a null array.
[01:11:27.595] --- Node 12 [OutputCaptureStart] ---
[01:11:27.595]   Code: Capture Process Output
[01:11:27.597]   Status: OK
[01:11:27.597]   Action: CaptureStart
[01:11:27.601] --- Node 16 [AssignmentStatementAst] ---
[01:11:27.601]   Code: $url = $__pfo_42aa2aeb9305_cur.Scheme + '://' + $__pfo_42aa2aeb9305_cur.Domain + $__pfo_42aa2aeb9305_cur.Path + '/' + $__pfo_42aa2aeb9305_cur.File
[01:11:27.660]   Status: OK
[01:11:27.660]   VarsRead:
[01:11:27.661]     $__pfo_42aa2aeb9305_cur = $null
[01:11:27.661]   VarsWritten:
[01:11:27.661]     $url = ":///"
[01:11:27.665] --- Node 17 [PipelineElement] ---
[01:11:27.665]   Code: Write-Host $url
[01:11:27.677]   Status: OK
[01:11:27.678]   VarsRead:
[01:11:27.678]     $url = $null
[01:11:27.682] --- Node 13 [OutputCaptureEnd] ---
[01:11:27.682]   Code: Append Process Output
[01:11:27.686]   Status: OK
[01:11:27.686]   Action: CaptureEnd
[01:11:27.686]   VarsWritten:
[01:11:27.688]     $__pfo_42aa2aeb9305_out = [Object[]] Count=0 @()
[01:11:27.691] --- Node 18 [ProcessIter] ---
[01:11:27.691]   Code: $__pfo_42aa2aeb9305_idx++
[01:11:27.702]   Status: OK
[01:11:27.702]   VarsRead:
[01:11:27.703]     $__pfo_42aa2aeb9305_idx = $null
[01:11:27.703]   VarsWritten:
[01:11:27.703]     $__pfo_42aa2aeb9305_idx = 1
[01:11:27.715] --- Node 9 [ProcessCondition] ---
[01:11:27.715]   Code: [bool]($__pfo_42aa2aeb9305_idx -lt $__pfo_in_42aa2aeb9305.Count)
[01:11:27.752]   Status: OK
[01:11:27.752]   VarsRead:
[01:11:27.753]     $__pfo_42aa2aeb9305_idx = $null
[01:11:27.753]     $__pfo_in_42aa2aeb9305 = $null
[01:11:27.753]   Result: True
[01:11:27.753]   ConditionResult: True
[01:11:27.757] --- Node 11 [ProcessBind] ---
[01:11:27.757]   Code: $__pfo_42aa2aeb9305_cur = $__pfo_in_42aa2aeb9305[$__pfo_42aa2aeb9305_idx]
[01:11:27.772]   Status: ERR
[01:11:27.773]   VarsRead:
[01:11:27.773]     $__pfo_42aa2aeb9305_idx = $null
[01:11:27.773]     $__pfo_in_42aa2aeb9305 = $null
[01:11:27.773]   VarsWritten:
[01:11:27.774]     $__pfo_42aa2aeb9305_cur = $null
[01:11:27.774]   Error: Cannot index into a null array.
[01:11:27.777] --- Node 12 [OutputCaptureStart] ---
[01:11:27.777]   Code: Capture Process Output
[01:11:27.779]   Status: OK
[01:11:27.779]   Action: CaptureStart
[01:11:27.785] --- Node 16 [AssignmentStatementAst] ---
[01:11:27.787]   Code: $url = $__pfo_42aa2aeb9305_cur.Scheme + '://' + $__pfo_42aa2aeb9305_cur.Domain + $__pfo_42aa2aeb9305_cur.Path + '/' + $__pfo_42aa2aeb9305_cur.File
[01:11:27.840]   Status: OK
[01:11:27.840]   VarsRead:
[01:11:27.841]     $__pfo_42aa2aeb9305_cur = $null
[01:11:27.841]   VarsWritten:
[01:11:27.841]     $url = ":///"
[01:11:27.845] --- Node 17 [PipelineElement] ---
[01:11:27.845]   Code: Write-Host $url
[01:11:27.864]   Status: OK
[01:11:27.865]   VarsRead:
[01:11:27.865]     $url = $null
[01:11:27.869] --- Node 13 [OutputCaptureEnd] ---
[01:11:27.869]   Code: Append Process Output
[01:11:27.873]   Status: OK
[01:11:27.873]   Action: CaptureEnd
[01:11:27.873]   VarsWritten:
[01:11:27.875]     $__pfo_42aa2aeb9305_out = [Object[]] Count=0 @()
[01:11:27.878] --- Node 18 [ProcessIter] ---
[01:11:27.878]   Code: $__pfo_42aa2aeb9305_idx++
[01:11:27.889]   Status: OK
[01:11:27.889]   VarsRead:
[01:11:27.890]     $__pfo_42aa2aeb9305_idx = $null
[01:11:27.890]   VarsWritten:
[01:11:27.890]     $__pfo_42aa2aeb9305_idx = 1
[01:11:27.894] --- Node 9 [ProcessCondition] ---
[01:11:27.894]   Code: [bool]($__pfo_42aa2aeb9305_idx -lt $__pfo_in_42aa2aeb9305.Count)
[01:11:27.935]   Status: OK
[01:11:27.935]   VarsRead:
[01:11:27.936]     $__pfo_42aa2aeb9305_idx = $null
[01:11:27.936]     $__pfo_in_42aa2aeb9305 = $null
[01:11:27.936]   Result: True
[01:11:27.937]   ConditionResult: True
[01:11:27.941] --- Node 11 [ProcessBind] ---
[01:11:27.941]   Code: $__pfo_42aa2aeb9305_cur = $__pfo_in_42aa2aeb9305[$__pfo_42aa2aeb9305_idx]
[01:11:27.955]   Status: ERR
[01:11:27.955]   VarsRead:
[01:11:27.956]     $__pfo_42aa2aeb9305_idx = $null
[01:11:27.956]     $__pfo_in_42aa2aeb9305 = $null
[01:11:27.956]   VarsWritten:
[01:11:27.956]     $__pfo_42aa2aeb9305_cur = $null
[01:11:27.956]   Error: Cannot index into a null array.
[01:11:27.960] --- Node 12 [OutputCaptureStart] ---
[01:11:27.960]   Code: Capture Process Output
[01:11:27.962]   Status: OK
[01:11:27.962]   Action: CaptureStart
[01:11:27.966] --- Node 16 [AssignmentStatementAst] ---
[01:11:27.967]   Code: $url = $__pfo_42aa2aeb9305_cur.Scheme + '://' + $__pfo_42aa2aeb9305_cur.Domain + $__pfo_42aa2aeb9305_cur.Path + '/' + $__pfo_42aa2aeb9305_cur.File
[01:11:28.027]   Status: OK
[01:11:28.027]   VarsRead:
[01:11:28.028]     $__pfo_42aa2aeb9305_cur = $null
[01:11:28.028]   VarsWritten:
[01:11:28.028]     $url = ":///"
[01:11:28.032] --- Node 17 [PipelineElement] ---
[01:11:28.032]   Code: Write-Host $url
[01:11:28.044]   Status: OK
[01:11:28.044]   VarsRead:
[01:11:28.045]     $url = $null
[01:11:28.050] --- Node 13 [OutputCaptureEnd] ---
[01:11:28.050]   Code: Append Process Output
[01:11:28.053]   Status: OK
[01:11:28.053]   Action: CaptureEnd
[01:11:28.053]   VarsWritten:
[01:11:28.055]     $__pfo_42aa2aeb9305_out = [Object[]] Count=0 @()
[01:11:28.063] --- Node 18 [ProcessIter] ---
[01:11:28.063]   Code: $__pfo_42aa2aeb9305_idx++
[01:11:28.077]   Status: OK
[01:11:28.077]   VarsRead:
[01:11:28.078]     $__pfo_42aa2aeb9305_idx = $null
[01:11:28.078]   VarsWritten:
[01:11:28.078]     $__pfo_42aa2aeb9305_idx = 1
[01:11:28.082] --- Node 9 [ProcessCondition] ---
[01:11:28.082]   Code: [bool]($__pfo_42aa2aeb9305_idx -lt $__pfo_in_42aa2aeb9305.Count)
[01:11:28.118]   Status: OK
[01:11:28.118]   VarsRead:
[01:11:28.119]     $__pfo_42aa2aeb9305_idx = $null
[01:11:28.119]     $__pfo_in_42aa2aeb9305 = $null
[01:11:28.119]   Result: True
[01:11:28.119]   ConditionResult: True
[01:11:28.123] --- Node 11 [ProcessBind] ---
[01:11:28.123]   Code: $__pfo_42aa2aeb9305_cur = $__pfo_in_42aa2aeb9305[$__pfo_42aa2aeb9305_idx]
[01:11:28.144]   Status: ERR
[01:11:28.144]   VarsRead:
[01:11:28.145]     $__pfo_42aa2aeb9305_idx = $null
[01:11:28.145]     $__pfo_in_42aa2aeb9305 = $null
[01:11:28.145]   VarsWritten:
[01:11:28.145]     $__pfo_42aa2aeb9305_cur = $null
[01:11:28.145]   Error: Cannot index into a null array.
[01:11:28.149] --- Node 12 [OutputCaptureStart] ---
[01:11:28.149]   Code: Capture Process Output
[01:11:28.151]   Status: OK
[01:11:28.151]   Action: CaptureStart
[01:11:28.154] --- Node 16 [AssignmentStatementAst] ---
[01:11:28.154]   Code: $url = $__pfo_42aa2aeb9305_cur.Scheme + '://' + $__pfo_42aa2aeb9305_cur.Domain + $__pfo_42aa2aeb9305_cur.Path + '/' + $__pfo_42aa2aeb9305_cur.File
[01:11:28.216]   Status: OK
[01:11:28.217]   VarsRead:
[01:11:28.217]     $__pfo_42aa2aeb9305_cur = $null
[01:11:28.217]   VarsWritten:
[01:11:28.218]     $url = ":///"
[01:11:28.222] --- Node 17 [PipelineElement] ---
[01:11:28.222]   Code: Write-Host $url
[01:11:28.239]   Status: OK
[01:11:28.239]   VarsRead:
[01:11:28.240]     $url = $null
[01:11:28.244] --- Node 13 [OutputCaptureEnd] ---
[01:11:28.244]   Code: Append Process Output
[01:11:28.247]   Status: OK
[01:11:28.247]   Action: CaptureEnd
[01:11:28.248]   VarsWritten:
[01:11:28.250]     $__pfo_42aa2aeb9305_out = [Object[]] Count=0 @()
[01:11:28.253] --- Node 18 [ProcessIter] ---
[01:11:28.254]   Code: $__pfo_42aa2aeb9305_idx++
[01:11:28.266]   Status: OK
[01:11:28.266]   VarsRead:
[01:11:28.267]     $__pfo_42aa2aeb9305_idx = $null
[01:11:28.267]   VarsWritten:
[01:11:28.267]     $__pfo_42aa2aeb9305_idx = 1
[01:11:28.277] --- Node 9 [ProcessCondition] ---
[01:11:28.277]   Code: [bool]($__pfo_42aa2aeb9305_idx -lt $__pfo_in_42aa2aeb9305.Count)
[01:11:28.316]   Status: OK
[01:11:28.316]   VarsRead:
[01:11:28.317]     $__pfo_42aa2aeb9305_idx = $null
[01:11:28.317]     $__pfo_in_42aa2aeb9305 = $null
[01:11:28.317]   Result: True
[01:11:28.317]   ConditionResult: True
[01:11:28.321] --- Node 11 [ProcessBind] ---
[01:11:28.322]   Code: $__pfo_42aa2aeb9305_cur = $__pfo_in_42aa2aeb9305[$__pfo_42aa2aeb9305_idx]
[01:11:28.339]   Status: ERR
[01:11:28.339]   VarsRead:
[01:11:28.340]     $__pfo_42aa2aeb9305_idx = $null
[01:11:28.340]     $__pfo_in_42aa2aeb9305 = $null
[01:11:28.341]   VarsWritten:
[01:11:28.341]     $__pfo_42aa2aeb9305_cur = $null
[01:11:28.341]   Error: Cannot index into a null array.
[01:11:28.345] --- Node 12 [OutputCaptureStart] ---
[01:11:28.345]   Code: Capture Process Output
[01:11:28.347]   Status: OK
[01:11:28.347]   Action: CaptureStart
[01:11:28.356] --- Node 16 [AssignmentStatementAst] ---
[01:11:28.356]   Code: $url = $__pfo_42aa2aeb9305_cur.Scheme + '://' + $__pfo_42aa2aeb9305_cur.Domain + $__pfo_42aa2aeb9305_cur.Path + '/' + $__pfo_42aa2aeb9305_cur.File
[01:11:28.417]   Status: OK
[01:11:28.417]   VarsRead:
[01:11:28.418]     $__pfo_42aa2aeb9305_cur = $null
[01:11:28.419]   VarsWritten:
[01:11:28.419]     $url = ":///"
[01:11:28.423] --- Node 17 [PipelineElement] ---
[01:11:28.423]   Code: Write-Host $url
[01:11:28.447]   Status: OK
[01:11:28.447]   VarsRead:
[01:11:28.448]     $url = $null
[01:11:28.453] --- Node 13 [OutputCaptureEnd] ---
[01:11:28.453]   Code: Append Process Output
[01:11:28.457]   Status: OK
[01:11:28.457]   Action: CaptureEnd
[01:11:28.457]   VarsWritten:
[01:11:28.459]     $__pfo_42aa2aeb9305_out = [Object[]] Count=0 @()
[01:11:28.462] --- Node 18 [ProcessIter] ---
[01:11:28.462]   Code: $__pfo_42aa2aeb9305_idx++
[01:11:28.474]   Status: OK
[01:11:28.474]   VarsRead:
[01:11:28.474]     $__pfo_42aa2aeb9305_idx = $null
[01:11:28.474]   VarsWritten:
[01:11:28.475]     $__pfo_42aa2aeb9305_idx = 1
[01:11:28.478] --- Node 9 [ProcessCondition] ---
[01:11:28.478]   Code: [bool]($__pfo_42aa2aeb9305_idx -lt $__pfo_in_42aa2aeb9305.Count)
[01:11:28.521]   Status: OK
[01:11:28.521]   VarsRead:
[01:11:28.522]     $__pfo_42aa2aeb9305_idx = $null
[01:11:28.522]     $__pfo_in_42aa2aeb9305 = $null
[01:11:28.522]   Result: True
[01:11:28.522]   ConditionResult: True
[01:11:28.526] --- Node 11 [ProcessBind] ---
[01:11:28.526]   Code: $__pfo_42aa2aeb9305_cur = $__pfo_in_42aa2aeb9305[$__pfo_42aa2aeb9305_idx]
[01:11:28.539]   Status: ERR
[01:11:28.540]   VarsRead:
[01:11:28.540]     $__pfo_42aa2aeb9305_idx = $null
[01:11:28.540]     $__pfo_in_42aa2aeb9305 = $null
[01:11:28.540]   VarsWritten:
[01:11:28.540]     $__pfo_42aa2aeb9305_cur = $null
[01:11:28.540]   Error: Cannot index into a null array.
[01:11:28.545] --- Node 12 [OutputCaptureStart] ---
[01:11:28.545]   Code: Capture Process Output
[01:11:28.547]   Status: OK
[01:11:28.547]   Action: CaptureStart
[01:11:28.550] --- Node 16 [AssignmentStatementAst] ---
[01:11:28.551]   Code: $url = $__pfo_42aa2aeb9305_cur.Scheme + '://' + $__pfo_42aa2aeb9305_cur.Domain + $__pfo_42aa2aeb9305_cur.Path + '/' + $__pfo_42aa2aeb9305_cur.File
[01:11:28.618]   Status: OK
[01:11:28.619]   VarsRead:
[01:11:28.619]     $__pfo_42aa2aeb9305_cur = $null
[01:11:28.620]   VarsWritten:
[01:11:28.620]     $url = ":///"
[01:11:28.624] --- Node 17 [PipelineElement] ---
[01:11:28.624]   Code: Write-Host $url
[01:11:28.639]   Status: OK
[01:11:28.639]   VarsRead:
[01:11:28.639]     $url = $null
[01:11:28.643] --- Node 13 [OutputCaptureEnd] ---
[01:11:28.644]   Code: Append Process Output
[01:11:28.647]   Status: OK
[01:11:28.647]   Action: CaptureEnd
[01:11:28.647]   VarsWritten:
[01:11:28.650]     $__pfo_42aa2aeb9305_out = [Object[]] Count=0 @()
[01:11:28.660] --- Node 18 [ProcessIter] ---
[01:11:28.661]   Code: $__pfo_42aa2aeb9305_idx++
[01:11:28.674]   Status: OK
[01:11:28.674]   VarsRead:
[01:11:28.675]     $__pfo_42aa2aeb9305_idx = $null
[01:11:28.675]   VarsWritten:
[01:11:28.675]     $__pfo_42aa2aeb9305_idx = 1
[01:11:28.679] --- Node 9 [ProcessCondition] ---
[01:11:28.679]   Code: [bool]($__pfo_42aa2aeb9305_idx -lt $__pfo_in_42aa2aeb9305.Count)
[01:11:28.717]   Status: OK
[01:11:28.717]   VarsRead:
[01:11:28.718]     $__pfo_42aa2aeb9305_idx = $null
[01:11:28.718]     $__pfo_in_42aa2aeb9305 = $null
[01:11:28.718]   Result: True
[01:11:28.718]   ConditionResult: True
[01:11:28.722] --- Node 11 [ProcessBind] ---
[01:11:28.722]   Code: $__pfo_42aa2aeb9305_cur = $__pfo_in_42aa2aeb9305[$__pfo_42aa2aeb9305_idx]
[01:11:28.741]   Status: ERR
[01:11:28.741]   VarsRead:
[01:11:28.742]     $__pfo_42aa2aeb9305_idx = $null
[01:11:28.742]     $__pfo_in_42aa2aeb9305 = $null
[01:11:28.742]   VarsWritten:
[01:11:28.743]     $__pfo_42aa2aeb9305_cur = $null
[01:11:28.743]   Error: Cannot index into a null array.
[01:11:28.746] --- Node 12 [OutputCaptureStart] ---
[01:11:28.746]   Code: Capture Process Output
[01:11:28.748]   Status: OK
[01:11:28.748]   Action: CaptureStart
[01:11:28.753] --- Node 16 [AssignmentStatementAst] ---
[01:11:28.753]   Code: $url = $__pfo_42aa2aeb9305_cur.Scheme + '://' + $__pfo_42aa2aeb9305_cur.Domain + $__pfo_42aa2aeb9305_cur.Path + '/' + $__pfo_42aa2aeb9305_cur.File
[01:11:28.815]   Status: OK
[01:11:28.815]   VarsRead:
[01:11:28.816]     $__pfo_42aa2aeb9305_cur = $null
[01:11:28.816]   VarsWritten:
[01:11:28.816]     $url = ":///"
[01:11:28.820] --- Node 17 [PipelineElement] ---
[01:11:28.820]   Code: Write-Host $url
[01:11:28.834]   Status: OK
[01:11:28.834]   VarsRead:
[01:11:28.834]     $url = $null
[01:11:28.838] --- Node 13 [OutputCaptureEnd] ---
[01:11:28.838]   Code: Append Process Output
[01:11:28.842]   Status: OK
[01:11:28.842]   Action: CaptureEnd
[01:11:28.842]   VarsWritten:
[01:11:28.843]     $__pfo_42aa2aeb9305_out = [Object[]] Count=0 @()
[01:11:28.847] --- Node 18 [ProcessIter] ---
[01:11:28.847]   Code: $__pfo_42aa2aeb9305_idx++
[01:11:28.857]   Status: OK
[01:11:28.858]   VarsRead:
[01:11:28.858]     $__pfo_42aa2aeb9305_idx = $null
[01:11:28.858]   VarsWritten:
[01:11:28.858]     $__pfo_42aa2aeb9305_idx = 1
[01:11:28.870] --- Node 9 [ProcessCondition] ---
[01:11:28.870]   Code: [bool]($__pfo_42aa2aeb9305_idx -lt $__pfo_in_42aa2aeb9305.Count)
[01:11:28.907]   Status: OK
[01:11:28.907]   VarsRead:
[01:11:28.908]     $__pfo_42aa2aeb9305_idx = $null
[01:11:28.908]     $__pfo_in_42aa2aeb9305 = $null
[01:11:28.908]   Result: True
[01:11:28.909]   ConditionResult: True
[01:11:28.912] --- Node 11 [ProcessBind] ---
[01:11:28.912]   Code: $__pfo_42aa2aeb9305_cur = $__pfo_in_42aa2aeb9305[$__pfo_42aa2aeb9305_idx]
[01:11:28.926]   Status: ERR
[01:11:28.926]   VarsRead:
[01:11:28.927]     $__pfo_42aa2aeb9305_idx = $null
[01:11:28.927]     $__pfo_in_42aa2aeb9305 = $null
[01:11:28.927]   VarsWritten:
[01:11:28.927]     $__pfo_42aa2aeb9305_cur = $null
[01:11:28.927]   Error: Cannot index into a null array.
[01:11:28.931] --- Node 12 [OutputCaptureStart] ---
[01:11:28.931]   Code: Capture Process Output
[01:11:28.933]   Status: OK
[01:11:28.933]   Action: CaptureStart
[01:11:28.943] --- Node 16 [AssignmentStatementAst] ---
[01:11:28.943]   Code: $url = $__pfo_42aa2aeb9305_cur.Scheme + '://' + $__pfo_42aa2aeb9305_cur.Domain + $__pfo_42aa2aeb9305_cur.Path + '/' + $__pfo_42aa2aeb9305_cur.File
[01:11:29.000]   Status: OK
[01:11:29.000]   VarsRead:
[01:11:29.001]     $__pfo_42aa2aeb9305_cur = $null
[01:11:29.001]   VarsWritten:
[01:11:29.001]     $url = ":///"
[01:11:29.006] --- Node 17 [PipelineElement] ---
[01:11:29.006]   Code: Write-Host $url
[01:11:29.019]   Status: OK
[01:11:29.019]   VarsRead:
[01:11:29.024]     $url = $null
[01:11:29.028] --- Node 13 [OutputCaptureEnd] ---
[01:11:29.028]   Code: Append Process Output
[01:11:29.032]   Status: OK
[01:11:29.032]   Action: CaptureEnd
[01:11:29.032]   VarsWritten:
[01:11:29.034]     $__pfo_42aa2aeb9305_out = [Object[]] Count=0 @()
[01:11:29.038] --- Node 18 [ProcessIter] ---
[01:11:29.038]   Code: $__pfo_42aa2aeb9305_idx++
[01:11:29.052]   Status: OK
[01:11:29.052]   VarsRead:
[01:11:29.052]     $__pfo_42aa2aeb9305_idx = $null
[01:11:29.053]   VarsWritten:
[01:11:29.053]     $__pfo_42aa2aeb9305_idx = 1
[01:11:29.058] --- Node 9 [ProcessCondition] ---
[01:11:29.058]   Code: [bool]($__pfo_42aa2aeb9305_idx -lt $__pfo_in_42aa2aeb9305.Count)
[01:11:29.100]   Status: OK
[01:11:29.100]   VarsRead:
[01:11:29.101]     $__pfo_42aa2aeb9305_idx = $null
[01:11:29.101]     $__pfo_in_42aa2aeb9305 = $null
[01:11:29.101]   Result: True
[01:11:29.102]   ConditionResult: True
[01:11:29.106] --- Node 11 [ProcessBind] ---
[01:11:29.106]   Code: $__pfo_42aa2aeb9305_cur = $__pfo_in_42aa2aeb9305[$__pfo_42aa2aeb9305_idx]
[01:11:29.121]   Status: ERR
[01:11:29.121]   VarsRead:
[01:11:29.121]     $__pfo_42aa2aeb9305_idx = $null
[01:11:29.122]     $__pfo_in_42aa2aeb9305 = $null
[01:11:29.122]   VarsWritten:
[01:11:29.122]     $__pfo_42aa2aeb9305_cur = $null
[01:11:29.122]   Error: Cannot index into a null array.
[01:11:29.126] --- Node 12 [OutputCaptureStart] ---
[01:11:29.126]   Code: Capture Process Output
[01:11:29.128]   Status: OK
[01:11:29.128]   Action: CaptureStart
[01:11:29.132] --- Node 16 [AssignmentStatementAst] ---
[01:11:29.132]   Code: $url = $__pfo_42aa2aeb9305_cur.Scheme + '://' + $__pfo_42aa2aeb9305_cur.Domain + $__pfo_42aa2aeb9305_cur.Path + '/' + $__pfo_42aa2aeb9305_cur.File
[01:11:29.195]   Status: OK
[01:11:29.195]   VarsRead:
[01:11:29.196]     $__pfo_42aa2aeb9305_cur = $null
[01:11:29.196]   VarsWritten:
[01:11:29.196]     $url = ":///"
[01:11:29.200] --- Node 17 [PipelineElement] ---
[01:11:29.201]   Code: Write-Host $url
[01:11:29.215]   Status: OK
[01:11:29.215]   VarsRead:
[01:11:29.216]     $url = $null
[01:11:29.220] --- Node 13 [OutputCaptureEnd] ---
[01:11:29.220]   Code: Append Process Output
[01:11:29.223]   Status: OK
[01:11:29.223]   Action: CaptureEnd
[01:11:29.223]   VarsWritten:
[01:11:29.225]     $__pfo_42aa2aeb9305_out = [Object[]] Count=0 @()
[01:11:29.238] --- Node 18 [ProcessIter] ---
[01:11:29.238]   Code: $__pfo_42aa2aeb9305_idx++
[01:11:29.251]   Status: OK
[01:11:29.251]   VarsRead:
[01:11:29.252]     $__pfo_42aa2aeb9305_idx = $null
[01:11:29.252]   VarsWritten:
[01:11:29.252]     $__pfo_42aa2aeb9305_idx = 1
[01:11:29.255] --- Node 9 [ProcessCondition] ---
[01:11:29.255]   Code: [bool]($__pfo_42aa2aeb9305_idx -lt $__pfo_in_42aa2aeb9305.Count)
[01:11:29.289]   Status: OK
[01:11:29.289]   VarsRead:
[01:11:29.290]     $__pfo_42aa2aeb9305_idx = $null
[01:11:29.290]     $__pfo_in_42aa2aeb9305 = $null
[01:11:29.290]   Result: True
[01:11:29.291]   ConditionResult: True
[01:11:29.294] --- Node 11 [ProcessBind] ---
[01:11:29.295]   Code: $__pfo_42aa2aeb9305_cur = $__pfo_in_42aa2aeb9305[$__pfo_42aa2aeb9305_idx]
[01:11:29.311]   Status: ERR
[01:11:29.311]   VarsRead:
[01:11:29.316]     $__pfo_42aa2aeb9305_idx = $null
[01:11:29.316]     $__pfo_in_42aa2aeb9305 = $null
[01:11:29.316]   VarsWritten:
[01:11:29.316]     $__pfo_42aa2aeb9305_cur = $null
[01:11:29.316]   Error: Cannot index into a null array.
[01:11:29.321] --- Node 12 [OutputCaptureStart] ---
[01:11:29.321]   Code: Capture Process Output
[01:11:29.324]   Status: OK
[01:11:29.324]   Action: CaptureStart
[01:11:29.328] --- Node 16 [AssignmentStatementAst] ---
[01:11:29.328]   Code: $url = $__pfo_42aa2aeb9305_cur.Scheme + '://' + $__pfo_42aa2aeb9305_cur.Domain + $__pfo_42aa2aeb9305_cur.Path + '/' + $__pfo_42aa2aeb9305_cur.File
[01:11:29.382]   Status: OK
[01:11:29.382]   VarsRead:
[01:11:29.386]     $__pfo_42aa2aeb9305_cur = $null
[01:11:29.386]   VarsWritten:
[01:11:29.387]     $url = ":///"
[01:11:29.390] --- Node 17 [PipelineElement] ---
[01:11:29.390]   Code: Write-Host $url
[01:11:29.402]   Status: OK
[01:11:29.403]   VarsRead:
[01:11:29.403]     $url = $null
[01:11:29.407] --- Node 13 [OutputCaptureEnd] ---
[01:11:29.407]   Code: Append Process Output
[01:11:29.410]   Status: OK
[01:11:29.410]   Action: CaptureEnd
[01:11:29.410]   VarsWritten:
[01:11:29.411]     $__pfo_42aa2aeb9305_out = [Object[]] Count=0 @()
[01:11:29.415] --- Node 18 [ProcessIter] ---
[01:11:29.416]   Code: $__pfo_42aa2aeb9305_idx++
[01:11:29.427]   Status: OK
[01:11:29.427]   VarsRead:
[01:11:29.427]     $__pfo_42aa2aeb9305_idx = $null
[01:11:29.427]   VarsWritten:
[01:11:29.428]     $__pfo_42aa2aeb9305_idx = 1
[01:11:29.431] --- Node 9 [ProcessCondition] ---
[01:11:29.431]   Code: [bool]($__pfo_42aa2aeb9305_idx -lt $__pfo_in_42aa2aeb9305.Count)
[01:11:29.472]   Status: OK
[01:11:29.472]   VarsRead:
[01:11:29.473]     $__pfo_42aa2aeb9305_idx = $null
[01:11:29.473]     $__pfo_in_42aa2aeb9305 = $null
[01:11:29.473]   Result: True
[01:11:29.474]   ConditionResult: True
[01:11:29.480] --- Node 11 [ProcessBind] ---
[01:11:29.480]   Code: $__pfo_42aa2aeb9305_cur = $__pfo_in_42aa2aeb9305[$__pfo_42aa2aeb9305_idx]
[01:11:29.495]   Status: ERR
[01:11:29.495]   VarsRead:
[01:11:29.496]     $__pfo_42aa2aeb9305_idx = $null
[01:11:29.496]     $__pfo_in_42aa2aeb9305 = $null
[01:11:29.496]   VarsWritten:
[01:11:29.496]     $__pfo_42aa2aeb9305_cur = $null
[01:11:29.496]   Error: Cannot index into a null array.
[01:11:29.500] --- Node 12 [OutputCaptureStart] ---
[01:11:29.500]   Code: Capture Process Output
[01:11:29.502]   Status: OK
[01:11:29.502]   Action: CaptureStart
[01:11:29.515] --- Node 16 [AssignmentStatementAst] ---
[01:11:29.515]   Code: $url = $__pfo_42aa2aeb9305_cur.Scheme + '://' + $__pfo_42aa2aeb9305_cur.Domain + $__pfo_42aa2aeb9305_cur.Path + '/' + $__pfo_42aa2aeb9305_cur.File
[01:11:29.568]   Status: OK
[01:11:29.568]   VarsRead:
[01:11:29.569]     $__pfo_42aa2aeb9305_cur = $null
[01:11:29.569]   VarsWritten:
[01:11:29.570]     $url = ":///"
[01:11:29.573] --- Node 17 [PipelineElement] ---
[01:11:29.574]   Code: Write-Host $url
[01:11:29.587]   Status: OK
[01:11:29.587]   VarsRead:
[01:11:29.588]     $url = $null
[01:11:29.597] --- Node 13 [OutputCaptureEnd] ---
[01:11:29.597]   Code: Append Process Output
[01:11:29.601]   Status: OK
[01:11:29.601]   Action: CaptureEnd
[01:11:29.601]   VarsWritten:
[01:11:29.603]     $__pfo_42aa2aeb9305_out = [Object[]] Count=0 @()
[01:11:29.607] --- Node 18 [ProcessIter] ---
[01:11:29.607]   Code: $__pfo_42aa2aeb9305_idx++
[01:11:29.621]   Status: OK
[01:11:29.621]   VarsRead:
[01:11:29.621]     $__pfo_42aa2aeb9305_idx = $null
[01:11:29.621]   VarsWritten:
[01:11:29.621]     $__pfo_42aa2aeb9305_idx = 1
[01:11:29.626] --- Node 9 [ProcessCondition] ---
[01:11:29.626]   Code: [bool]($__pfo_42aa2aeb9305_idx -lt $__pfo_in_42aa2aeb9305.Count)
[01:11:29.664]   Status: OK
[01:11:29.664]   VarsRead:
[01:11:29.665]     $__pfo_42aa2aeb9305_idx = $null
[01:11:29.665]     $__pfo_in_42aa2aeb9305 = $null
[01:11:29.665]   Result: True
[01:11:29.665]   ConditionResult: True
[01:11:29.670] --- Node 11 [ProcessBind] ---
[01:11:29.670]   Code: $__pfo_42aa2aeb9305_cur = $__pfo_in_42aa2aeb9305[$__pfo_42aa2aeb9305_idx]
[01:11:29.685]   Status: ERR
[01:11:29.685]   VarsRead:
[01:11:29.686]     $__pfo_42aa2aeb9305_idx = $null
[01:11:29.686]     $__pfo_in_42aa2aeb9305 = $null
[01:11:29.686]   VarsWritten:
[01:11:29.686]     $__pfo_42aa2aeb9305_cur = $null
[01:11:29.686]   Error: Cannot index into a null array.
[01:11:29.690] --- Node 12 [OutputCaptureStart] ---
[01:11:29.690]   Code: Capture Process Output
[01:11:29.692]   Status: OK
[01:11:29.692]   Action: CaptureStart
[01:11:29.696] --- Node 16 [AssignmentStatementAst] ---
[01:11:29.696]   Code: $url = $__pfo_42aa2aeb9305_cur.Scheme + '://' + $__pfo_42aa2aeb9305_cur.Domain + $__pfo_42aa2aeb9305_cur.Path + '/' + $__pfo_42aa2aeb9305_cur.File
[01:11:29.759]   Status: OK
[01:11:29.759]   VarsRead:
[01:11:29.760]     $__pfo_42aa2aeb9305_cur = $null
[01:11:29.760]   VarsWritten:
[01:11:29.760]     $url = ":///"
[01:11:29.764] --- Node 17 [PipelineElement] ---
[01:11:29.764]   Code: Write-Host $url
[01:11:29.778]   Status: OK
[01:11:29.778]   VarsRead:
[01:11:29.779]     $url = $null
[01:11:29.782] --- Node 13 [OutputCaptureEnd] ---
[01:11:29.782]   Code: Append Process Output
[01:11:29.785]   Status: OK
[01:11:29.785]   Action: CaptureEnd
[01:11:29.785]   VarsWritten:
[01:11:29.787]     $__pfo_42aa2aeb9305_out = [Object[]] Count=0 @()
[01:11:29.798] --- Node 18 [ProcessIter] ---
[01:11:29.798]   Code: $__pfo_42aa2aeb9305_idx++
[01:11:29.811]   Status: OK
[01:11:29.811]   VarsRead:
[01:11:29.812]     $__pfo_42aa2aeb9305_idx = $null
[01:11:29.812]   VarsWritten:
[01:11:29.812]     $__pfo_42aa2aeb9305_idx = 1
[01:11:29.816] --- Node 9 [ProcessCondition] ---
[01:11:29.816]   Code: [bool]($__pfo_42aa2aeb9305_idx -lt $__pfo_in_42aa2aeb9305.Count)
[01:11:29.854]   Status: OK
[01:11:29.854]   VarsRead:
[01:11:29.855]     $__pfo_42aa2aeb9305_idx = $null
[01:11:29.855]     $__pfo_in_42aa2aeb9305 = $null
[01:11:29.855]   Result: True
[01:11:29.855]   ConditionResult: True
[01:11:29.860] --- Node 11 [ProcessBind] ---
[01:11:29.860]   Code: $__pfo_42aa2aeb9305_cur = $__pfo_in_42aa2aeb9305[$__pfo_42aa2aeb9305_idx]
[01:11:29.876]   Status: ERR
[01:11:29.876]   VarsRead:
[01:11:29.876]     $__pfo_42aa2aeb9305_idx = $null
[01:11:29.877]     $__pfo_in_42aa2aeb9305 = $null
[01:11:29.877]   VarsWritten:
[01:11:29.877]     $__pfo_42aa2aeb9305_cur = $null
[01:11:29.878]   Error: Cannot index into a null array.
[01:11:29.886] --- Node 12 [OutputCaptureStart] ---
[01:11:29.886]   Code: Capture Process Output
[01:11:29.888]   Status: OK
[01:11:29.888]   Action: CaptureStart
[01:11:29.892] --- Node 16 [AssignmentStatementAst] ---
[01:11:29.892]   Code: $url = $__pfo_42aa2aeb9305_cur.Scheme + '://' + $__pfo_42aa2aeb9305_cur.Domain + $__pfo_42aa2aeb9305_cur.Path + '/' + $__pfo_42aa2aeb9305_cur.File
[01:11:29.952]   Status: OK
[01:11:29.952]   VarsRead:
[01:11:29.953]     $__pfo_42aa2aeb9305_cur = $null
[01:11:29.953]   VarsWritten:
[01:11:29.953]     $url = ":///"
[01:11:29.961] --- Node 17 [PipelineElement] ---
[01:11:29.961]   Code: Write-Host $url
[01:11:29.977]   Status: OK
[01:11:29.977]   VarsRead:
[01:11:29.978]     $url = $null
[01:11:29.982] --- Node 13 [OutputCaptureEnd] ---
[01:11:29.982]   Code: Append Process Output
[01:11:29.986]   Status: OK
[01:11:29.986]   Action: CaptureEnd
[01:11:29.986]   VarsWritten:
[01:11:29.987]     $__pfo_42aa2aeb9305_out = [Object[]] Count=0 @()
[01:11:29.992] --- Node 18 [ProcessIter] ---
[01:11:29.992]   Code: $__pfo_42aa2aeb9305_idx++
[01:11:30.004]   Status: OK
[01:11:30.004]   VarsRead:
[01:11:30.005]     $__pfo_42aa2aeb9305_idx = $null
[01:11:30.005]   VarsWritten:
[01:11:30.005]     $__pfo_42aa2aeb9305_idx = 1
[01:11:30.009] --- Node 9 [ProcessCondition] ---
[01:11:30.009]   Code: [bool]($__pfo_42aa2aeb9305_idx -lt $__pfo_in_42aa2aeb9305.Count)
[01:11:30.058]   Status: OK
[01:11:30.058]   VarsRead:
[01:11:30.060]     $__pfo_42aa2aeb9305_idx = $null
[01:11:30.060]     $__pfo_in_42aa2aeb9305 = $null
[01:11:30.060]   Result: True
[01:11:30.060]   ConditionResult: True
[01:11:30.064] --- Node 11 [ProcessBind] ---
[01:11:30.064]   Code: $__pfo_42aa2aeb9305_cur = $__pfo_in_42aa2aeb9305[$__pfo_42aa2aeb9305_idx]
[01:11:30.079]   Status: ERR
[01:11:30.080]   VarsRead:
[01:11:30.080]     $__pfo_42aa2aeb9305_idx = $null
[01:11:30.080]     $__pfo_in_42aa2aeb9305 = $null
[01:11:30.081]   VarsWritten:
[01:11:30.081]     $__pfo_42aa2aeb9305_cur = $null
[01:11:30.081]   Error: Cannot index into a null array.
[01:11:30.085] --- Node 12 [OutputCaptureStart] ---
[01:11:30.085]   Code: Capture Process Output
[01:11:30.087]   Status: OK
[01:11:30.087]   Action: CaptureStart
[01:11:30.098] --- Node 16 [AssignmentStatementAst] ---
[01:11:30.098]   Code: $url = $__pfo_42aa2aeb9305_cur.Scheme + '://' + $__pfo_42aa2aeb9305_cur.Domain + $__pfo_42aa2aeb9305_cur.Path + '/' + $__pfo_42aa2aeb9305_cur.File
[01:11:30.153]   Status: OK
[01:11:30.153]   VarsRead:
[01:11:30.153]     $__pfo_42aa2aeb9305_cur = $null
[01:11:30.154]   VarsWritten:
[01:11:30.154]     $url = ":///"
[01:11:30.157] --- Node 17 [PipelineElement] ---
[01:11:30.157]   Code: Write-Host $url
[01:11:30.171]   Status: OK
[01:11:30.171]   VarsRead:
[01:11:30.172]     $url = $null
[01:11:30.180] --- Node 13 [OutputCaptureEnd] ---
[01:11:30.181]   Code: Append Process Output
[01:11:30.185]   Status: OK
[01:11:30.185]   Action: CaptureEnd
[01:11:30.185]   VarsWritten:
[01:11:30.187]     $__pfo_42aa2aeb9305_out = [Object[]] Count=0 @()
[01:11:30.191] --- Node 18 [ProcessIter] ---
[01:11:30.191]   Code: $__pfo_42aa2aeb9305_idx++
[01:11:30.204]   Status: OK
[01:11:30.204]   VarsRead:
[01:11:30.204]     $__pfo_42aa2aeb9305_idx = $null
[01:11:30.205]   VarsWritten:
[01:11:30.205]     $__pfo_42aa2aeb9305_idx = 1
[01:11:30.209] --- Node 9 [ProcessCondition] ---
[01:11:30.209]   Code: [bool]($__pfo_42aa2aeb9305_idx -lt $__pfo_in_42aa2aeb9305.Count)
[01:11:30.244]   Status: OK
[01:11:30.244]   VarsRead:
[01:11:30.245]     $__pfo_42aa2aeb9305_idx = $null
[01:11:30.245]     $__pfo_in_42aa2aeb9305 = $null
[01:11:30.245]   Result: True
[01:11:30.246]   ConditionResult: True
[01:11:30.254] --- Node 11 [ProcessBind] ---
[01:11:30.254]   Code: $__pfo_42aa2aeb9305_cur = $__pfo_in_42aa2aeb9305[$__pfo_42aa2aeb9305_idx]
[01:11:30.269]   Status: ERR
[01:11:30.269]   VarsRead:
[01:11:30.270]     $__pfo_42aa2aeb9305_idx = $null
[01:11:30.270]     $__pfo_in_42aa2aeb9305 = $null
[01:11:30.270]   VarsWritten:
[01:11:30.270]     $__pfo_42aa2aeb9305_cur = $null
[01:11:30.270]   Error: Cannot index into a null array.
[01:11:30.274] --- Node 12 [OutputCaptureStart] ---
[01:11:30.274]   Code: Capture Process Output
[01:11:30.275]   Status: OK
[01:11:30.276]   Action: CaptureStart
[01:11:30.279] --- Node 16 [AssignmentStatementAst] ---
[01:11:30.279]   Code: $url = $__pfo_42aa2aeb9305_cur.Scheme + '://' + $__pfo_42aa2aeb9305_cur.Domain + $__pfo_42aa2aeb9305_cur.Path + '/' + $__pfo_42aa2aeb9305_cur.File
[01:11:30.339]   Status: OK
[01:11:30.340]   VarsRead:
[01:11:30.341]     $__pfo_42aa2aeb9305_cur = $null
[01:11:30.341]   VarsWritten:
[01:11:30.341]     $url = ":///"
[01:11:30.345] --- Node 17 [PipelineElement] ---
[01:11:30.345]   Code: Write-Host $url
[01:11:30.360]   Status: OK
[01:11:30.361]   VarsRead:
[01:11:30.361]     $url = $null
[01:11:30.365] --- Node 13 [OutputCaptureEnd] ---
[01:11:30.365]   Code: Append Process Output
[01:11:30.369]   Status: OK
[01:11:30.369]   Action: CaptureEnd
[01:11:30.369]   VarsWritten:
[01:11:30.371]     $__pfo_42aa2aeb9305_out = [Object[]] Count=0 @()
[01:11:30.375] --- Node 18 [ProcessIter] ---
[01:11:30.375]   Code: $__pfo_42aa2aeb9305_idx++
[01:11:30.393]   Status: OK
[01:11:30.393]   VarsRead:
[01:11:30.394]     $__pfo_42aa2aeb9305_idx = $null
[01:11:30.394]   VarsWritten:
[01:11:30.394]     $__pfo_42aa2aeb9305_idx = 1
[01:11:30.397] --- Node 9 [ProcessCondition] ---
[01:11:30.397]   Code: [bool]($__pfo_42aa2aeb9305_idx -lt $__pfo_in_42aa2aeb9305.Count)
[01:11:30.433]   Status: OK
[01:11:30.434]   VarsRead:
[01:11:30.434]     $__pfo_42aa2aeb9305_idx = $null
[01:11:30.434]     $__pfo_in_42aa2aeb9305 = $null
[01:11:30.435]   Result: True
[01:11:30.435]   ConditionResult: True
[01:11:30.439] --- Node 11 [ProcessBind] ---
[01:11:30.439]   Code: $__pfo_42aa2aeb9305_cur = $__pfo_in_42aa2aeb9305[$__pfo_42aa2aeb9305_idx]
[01:11:30.454]   Status: ERR
[01:11:30.454]   VarsRead:
[01:11:30.455]     $__pfo_42aa2aeb9305_idx = $null
[01:11:30.455]     $__pfo_in_42aa2aeb9305 = $null
[01:11:30.455]   VarsWritten:
[01:11:30.455]     $__pfo_42aa2aeb9305_cur = $null
[01:11:30.455]   Error: Cannot index into a null array.
[01:11:30.464] --- Node 12 [OutputCaptureStart] ---
[01:11:30.464]   Code: Capture Process Output
[01:11:30.466]   Status: OK
[01:11:30.466]   Action: CaptureStart
[01:11:30.469] --- Node 16 [AssignmentStatementAst] ---
[01:11:30.469]   Code: $url = $__pfo_42aa2aeb9305_cur.Scheme + '://' + $__pfo_42aa2aeb9305_cur.Domain + $__pfo_42aa2aeb9305_cur.Path + '/' + $__pfo_42aa2aeb9305_cur.File
[01:11:30.528]   Status: OK
[01:11:30.528]   VarsRead:
[01:11:30.528]     $__pfo_42aa2aeb9305_cur = $null
[01:11:30.529]   VarsWritten:
[01:11:30.529]     $url = ":///"
[01:11:30.537] --- Node 17 [PipelineElement] ---
[01:11:30.537]   Code: Write-Host $url
[01:11:30.552]   Status: OK
[01:11:30.552]   VarsRead:
[01:11:30.553]     $url = $null
[01:11:30.557] --- Node 13 [OutputCaptureEnd] ---
[01:11:30.557]   Code: Append Process Output
[01:11:30.560]   Status: OK
[01:11:30.560]   Action: CaptureEnd
[01:11:30.560]   VarsWritten:
[01:11:30.562]     $__pfo_42aa2aeb9305_out = [Object[]] Count=0 @()
[01:11:30.565] --- Node 18 [ProcessIter] ---
[01:11:30.565]   Code: $__pfo_42aa2aeb9305_idx++
[01:11:30.576]   Status: OK
[01:11:30.576]   VarsRead:
[01:11:30.577]     $__pfo_42aa2aeb9305_idx = $null
[01:11:30.577]   VarsWritten:
[01:11:30.577]     $__pfo_42aa2aeb9305_idx = 1
[01:11:30.581] --- Node 9 [ProcessCondition] ---
[01:11:30.581]   Code: [bool]($__pfo_42aa2aeb9305_idx -lt $__pfo_in_42aa2aeb9305.Count)
[01:11:30.622]   Status: OK
[01:11:30.622]   VarsRead:
[01:11:30.623]     $__pfo_42aa2aeb9305_idx = $null
[01:11:30.623]     $__pfo_in_42aa2aeb9305 = $null
[01:11:30.624]   Result: True
[01:11:30.624]   ConditionResult: True
[01:11:30.629] --- Node 11 [ProcessBind] ---
[01:11:30.629]   Code: $__pfo_42aa2aeb9305_cur = $__pfo_in_42aa2aeb9305[$__pfo_42aa2aeb9305_idx]
[01:11:30.647]   Status: ERR
[01:11:30.647]   VarsRead:
[01:11:30.648]     $__pfo_42aa2aeb9305_idx = $null
[01:11:30.648]     $__pfo_in_42aa2aeb9305 = $null
[01:11:30.648]   VarsWritten:
[01:11:30.648]     $__pfo_42aa2aeb9305_cur = $null
[01:11:30.648]   Error: Cannot index into a null array.
[01:11:30.652] --- Node 12 [OutputCaptureStart] ---
[01:11:30.652]   Code: Capture Process Output
[01:11:30.654]   Status: OK
[01:11:30.654]   Action: CaptureStart
[01:11:30.658] --- Node 16 [AssignmentStatementAst] ---
[01:11:30.658]   Code: $url = $__pfo_42aa2aeb9305_cur.Scheme + '://' + $__pfo_42aa2aeb9305_cur.Domain + $__pfo_42aa2aeb9305_cur.Path + '/' + $__pfo_42aa2aeb9305_cur.File
[01:11:30.721]   Status: OK
[01:11:30.722]   VarsRead:
[01:11:30.722]     $__pfo_42aa2aeb9305_cur = $null
[01:11:30.723]   VarsWritten:
[01:11:30.723]     $url = ":///"
[01:11:30.727] --- Node 17 [PipelineElement] ---
[01:11:30.727]   Code: Write-Host $url
[01:11:30.742]   Status: OK
[01:11:30.742]   VarsRead:
[01:11:30.745]     $url = $null
[01:11:30.756] --- Node 13 [OutputCaptureEnd] ---
[01:11:30.756]   Code: Append Process Output
[01:11:30.760]   Status: OK
[01:11:30.760]   Action: CaptureEnd
[01:11:30.760]   VarsWritten:
[01:11:30.762]     $__pfo_42aa2aeb9305_out = [Object[]] Count=0 @()
[01:11:30.766] --- Node 18 [ProcessIter] ---
[01:11:30.766]   Code: $__pfo_42aa2aeb9305_idx++
[01:11:30.778]   Status: OK
[01:11:30.778]   VarsRead:
[01:11:30.779]     $__pfo_42aa2aeb9305_idx = $null
[01:11:30.779]   VarsWritten:
[01:11:30.779]     $__pfo_42aa2aeb9305_idx = 1
[01:11:30.783] --- Node 9 [ProcessCondition] ---
[01:11:30.783]   Code: [bool]($__pfo_42aa2aeb9305_idx -lt $__pfo_in_42aa2aeb9305.Count)
[01:11:30.823]   Status: OK
[01:11:30.823]   VarsRead:
[01:11:30.823]     $__pfo_42aa2aeb9305_idx = $null
[01:11:30.823]     $__pfo_in_42aa2aeb9305 = $null
[01:11:30.824]   Result: True
[01:11:30.824]   ConditionResult: True
[01:11:30.833] --- Node 11 [ProcessBind] ---
[01:11:30.833]   Code: $__pfo_42aa2aeb9305_cur = $__pfo_in_42aa2aeb9305[$__pfo_42aa2aeb9305_idx]
[01:11:30.849]   Status: ERR
[01:11:30.849]   VarsRead:
[01:11:30.850]     $__pfo_42aa2aeb9305_idx = $null
[01:11:30.850]     $__pfo_in_42aa2aeb9305 = $null
[01:11:30.850]   VarsWritten:
[01:11:30.850]     $__pfo_42aa2aeb9305_cur = $null
[01:11:30.850]   Error: Cannot index into a null array.
[01:11:30.854] --- Node 12 [OutputCaptureStart] ---
[01:11:30.854]   Code: Capture Process Output
[01:11:30.856]   Status: OK
[01:11:30.856]   Action: CaptureStart
[01:11:30.861] --- Node 16 [AssignmentStatementAst] ---
[01:11:30.861]   Code: $url = $__pfo_42aa2aeb9305_cur.Scheme + '://' + $__pfo_42aa2aeb9305_cur.Domain + $__pfo_42aa2aeb9305_cur.Path + '/' + $__pfo_42aa2aeb9305_cur.File
[01:11:30.943]   Status: OK
[01:11:30.943]   VarsRead:
[01:11:30.943]     $__pfo_42aa2aeb9305_cur = $null
[01:11:30.943]   VarsWritten:
[01:11:30.944]     $url = ":///"
[01:11:30.947] --- Node 17 [PipelineElement] ---
[01:11:30.947]   Code: Write-Host $url
[01:11:30.960]   Status: OK
[01:11:30.960]   VarsRead:
[01:11:30.961]     $url = $null
[01:11:30.965] --- Node 13 [OutputCaptureEnd] ---
[01:11:30.965]   Code: Append Process Output
[01:11:30.968]   Status: OK
[01:11:30.968]   Action: CaptureEnd
[01:11:30.968]   VarsWritten:
[01:11:30.970]     $__pfo_42aa2aeb9305_out = [Object[]] Count=0 @()
[01:11:30.973] --- Node 18 [ProcessIter] ---
[01:11:30.973]   Code: $__pfo_42aa2aeb9305_idx++
[01:11:30.989]   Status: OK
[01:11:30.989]   VarsRead:
[01:11:30.990]     $__pfo_42aa2aeb9305_idx = $null
[01:11:30.990]   VarsWritten:
[01:11:30.990]     $__pfo_42aa2aeb9305_idx = 1
[01:11:30.994] --- Node 9 [ProcessCondition] ---
[01:11:30.994]   Code: [bool]($__pfo_42aa2aeb9305_idx -lt $__pfo_in_42aa2aeb9305.Count)
[01:11:31.034]   Status: OK
[01:11:31.034]   VarsRead:
[01:11:31.035]     $__pfo_42aa2aeb9305_idx = $null
[01:11:31.035]     $__pfo_in_42aa2aeb9305 = $null
[01:11:31.035]   Result: True
[01:11:31.035]   ConditionResult: True
[01:11:31.039] --- Node 11 [ProcessBind] ---
[01:11:31.039]   Code: $__pfo_42aa2aeb9305_cur = $__pfo_in_42aa2aeb9305[$__pfo_42aa2aeb9305_idx]
[01:11:31.054]   Status: ERR
[01:11:31.055]   VarsRead:
[01:11:31.056]     $__pfo_42aa2aeb9305_idx = $null
[01:11:31.056]     $__pfo_in_42aa2aeb9305 = $null
[01:11:31.056]   VarsWritten:
[01:11:31.056]     $__pfo_42aa2aeb9305_cur = $null
[01:11:31.056]   Error: Cannot index into a null array.
[01:11:31.068] --- Node 12 [OutputCaptureStart] ---
[01:11:31.068]   Code: Capture Process Output
[01:11:31.070]   Status: OK
[01:11:31.070]   Action: CaptureStart
[01:11:31.074] --- Node 16 [AssignmentStatementAst] ---
[01:11:31.074]   Code: $url = $__pfo_42aa2aeb9305_cur.Scheme + '://' + $__pfo_42aa2aeb9305_cur.Domain + $__pfo_42aa2aeb9305_cur.Path + '/' + $__pfo_42aa2aeb9305_cur.File
[01:11:31.137]   Status: OK
[01:11:31.137]   VarsRead:
[01:11:31.137]     $__pfo_42aa2aeb9305_cur = $null
[01:11:31.138]   VarsWritten:
[01:11:31.138]     $url = ":///"
[01:11:31.148] --- Node 17 [PipelineElement] ---
[01:11:31.148]   Code: Write-Host $url
[01:11:31.164]   Status: OK
[01:11:31.164]   VarsRead:
[01:11:31.165]     $url = $null
[01:11:31.169] --- Node 13 [OutputCaptureEnd] ---
[01:11:31.169]   Code: Append Process Output
[01:11:31.172]   Status: OK
[01:11:31.173]   Action: CaptureEnd
[01:11:31.173]   VarsWritten:
[01:11:31.174]     $__pfo_42aa2aeb9305_out = [Object[]] Count=0 @()
[01:11:31.178] --- Node 18 [ProcessIter] ---
[01:11:31.180]   Code: $__pfo_42aa2aeb9305_idx++
[01:11:31.194]   Status: OK
[01:11:31.194]   VarsRead:
[01:11:31.194]     $__pfo_42aa2aeb9305_idx = $null
[01:11:31.195]   VarsWritten:
[01:11:31.195]     $__pfo_42aa2aeb9305_idx = 1
[01:11:31.199] --- Node 9 [ProcessCondition] ---
[01:11:31.199]   Code: [bool]($__pfo_42aa2aeb9305_idx -lt $__pfo_in_42aa2aeb9305.Count)
[01:11:31.246]   Status: OK
[01:11:31.246]   VarsRead:
[01:11:31.247]     $__pfo_42aa2aeb9305_idx = $null
[01:11:31.247]     $__pfo_in_42aa2aeb9305 = $null
[01:11:31.247]   Result: True
[01:11:31.247]   ConditionResult: True
[01:11:31.251] --- Node 11 [ProcessBind] ---
[01:11:31.251]   Code: $__pfo_42aa2aeb9305_cur = $__pfo_in_42aa2aeb9305[$__pfo_42aa2aeb9305_idx]
[01:11:31.266]   Status: ERR
[01:11:31.266]   VarsRead:
[01:11:31.267]     $__pfo_42aa2aeb9305_idx = $null
[01:11:31.267]     $__pfo_in_42aa2aeb9305 = $null
[01:11:31.267]   VarsWritten:
[01:11:31.267]     $__pfo_42aa2aeb9305_cur = $null
[01:11:31.267]   Error: Cannot index into a null array.
[01:11:31.270] --- Node 12 [OutputCaptureStart] ---
[01:11:31.270]   Code: Capture Process Output
[01:11:31.272]   Status: OK
[01:11:31.272]   Action: CaptureStart
[01:11:31.275] --- Node 16 [AssignmentStatementAst] ---
[01:11:31.275]   Code: $url = $__pfo_42aa2aeb9305_cur.Scheme + '://' + $__pfo_42aa2aeb9305_cur.Domain + $__pfo_42aa2aeb9305_cur.Path + '/' + $__pfo_42aa2aeb9305_cur.File
[01:11:31.335]   Status: OK
[01:11:31.335]   VarsRead:
[01:11:31.336]     $__pfo_42aa2aeb9305_cur = $null
[01:11:31.336]   VarsWritten:
[01:11:31.336]     $url = ":///"
[01:11:31.340] --- Node 17 [PipelineElement] ---
[01:11:31.340]   Code: Write-Host $url
[01:11:31.353]   Status: OK
[01:11:31.353]   VarsRead:
[01:11:31.354]     $url = $null
[01:11:31.366] --- Node 13 [OutputCaptureEnd] ---
[01:11:31.366]   Code: Append Process Output
[01:11:31.370]   Status: OK
[01:11:31.370]   Action: CaptureEnd
[01:11:31.370]   VarsWritten:
[01:11:31.372]     $__pfo_42aa2aeb9305_out = [Object[]] Count=0 @()
[01:11:31.376] --- Node 18 [ProcessIter] ---
[01:11:31.376]   Code: $__pfo_42aa2aeb9305_idx++
[01:11:31.386]   Status: OK
[01:11:31.386]   VarsRead:
[01:11:31.387]     $__pfo_42aa2aeb9305_idx = $null
[01:11:31.387]   VarsWritten:
[01:11:31.387]     $__pfo_42aa2aeb9305_idx = 1
[01:11:31.390] --- Node 9 [ProcessCondition] ---
[01:11:31.390]   Code: [bool]($__pfo_42aa2aeb9305_idx -lt $__pfo_in_42aa2aeb9305.Count)
[01:11:31.422]   Status: OK
[01:11:31.422]   VarsRead:
[01:11:31.423]     $__pfo_42aa2aeb9305_idx = $null
[01:11:31.423]     $__pfo_in_42aa2aeb9305 = $null
[01:11:31.423]   Result: True
[01:11:31.423]   ConditionResult: True
[01:11:31.434] --- Node 11 [ProcessBind] ---
[01:11:31.435]   Code: $__pfo_42aa2aeb9305_cur = $__pfo_in_42aa2aeb9305[$__pfo_42aa2aeb9305_idx]
[01:11:31.451]   Status: ERR
[01:11:31.452]   VarsRead:
[01:11:31.452]     $__pfo_42aa2aeb9305_idx = $null
[01:11:31.452]     $__pfo_in_42aa2aeb9305 = $null
[01:11:31.452]   VarsWritten:
[01:11:31.452]     $__pfo_42aa2aeb9305_cur = $null
[01:11:31.453]   Error: Cannot index into a null array.
[01:11:31.456] --- Node 12 [OutputCaptureStart] ---
[01:11:31.456]   Code: Capture Process Output
[01:11:31.458]   Status: OK
[01:11:31.458]   Action: CaptureStart
[01:11:31.462] --- Node 16 [AssignmentStatementAst] ---
[01:11:31.462]   Code: $url = $__pfo_42aa2aeb9305_cur.Scheme + '://' + $__pfo_42aa2aeb9305_cur.Domain + $__pfo_42aa2aeb9305_cur.Path + '/' + $__pfo_42aa2aeb9305_cur.File
[01:11:31.528]   Status: OK
[01:11:31.528]   VarsRead:
[01:11:31.529]     $__pfo_42aa2aeb9305_cur = $null
[01:11:31.529]   VarsWritten:
[01:11:31.529]     $url = ":///"
[01:11:31.533] --- Node 17 [PipelineElement] ---
[01:11:31.533]   Code: Write-Host $url
[01:11:31.549]   Status: OK
[01:11:31.549]   VarsRead:
[01:11:31.550]     $url = $null
[01:11:31.554] --- Node 13 [OutputCaptureEnd] ---
[01:11:31.554]   Code: Append Process Output
[01:11:31.558]   Status: OK
[01:11:31.558]   Action: CaptureEnd
[01:11:31.558]   VarsWritten:
[01:11:31.560]     $__pfo_42aa2aeb9305_out = [Object[]] Count=0 @()
[01:11:31.563] --- Node 18 [ProcessIter] ---
[01:11:31.563]   Code: $__pfo_42aa2aeb9305_idx++
[01:11:31.575]   Status: OK
[01:11:31.575]   VarsRead:
[01:11:31.575]     $__pfo_42aa2aeb9305_idx = $null
[01:11:31.579]   VarsWritten:
[01:11:31.579]     $__pfo_42aa2aeb9305_idx = 1
[01:11:31.583] --- Node 9 [ProcessCondition] ---
[01:11:31.583]   Code: [bool]($__pfo_42aa2aeb9305_idx -lt $__pfo_in_42aa2aeb9305.Count)
[01:11:31.624]   Status: OK
[01:11:31.624]   VarsRead:
[01:11:31.625]     $__pfo_42aa2aeb9305_idx = $null
[01:11:31.625]     $__pfo_in_42aa2aeb9305 = $null
[01:11:31.625]   Result: True
[01:11:31.625]   ConditionResult: True
[01:11:31.630] --- Node 11 [ProcessBind] ---
[01:11:31.630]   Code: $__pfo_42aa2aeb9305_cur = $__pfo_in_42aa2aeb9305[$__pfo_42aa2aeb9305_idx]
[01:11:31.646]   Status: ERR
[01:11:31.646]   VarsRead:
[01:11:31.647]     $__pfo_42aa2aeb9305_idx = $null
[01:11:31.647]     $__pfo_in_42aa2aeb9305 = $null
[01:11:31.647]   VarsWritten:
[01:11:31.647]     $__pfo_42aa2aeb9305_cur = $null
[01:11:31.647]   Error: Cannot index into a null array.
[01:11:31.660] --- Node 12 [OutputCaptureStart] ---
[01:11:31.660]   Code: Capture Process Output
[01:11:31.662]   Status: OK
[01:11:31.662]   Action: CaptureStart
[01:11:31.666] --- Node 16 [AssignmentStatementAst] ---
[01:11:31.666]   Code: $url = $__pfo_42aa2aeb9305_cur.Scheme + '://' + $__pfo_42aa2aeb9305_cur.Domain + $__pfo_42aa2aeb9305_cur.Path + '/' + $__pfo_42aa2aeb9305_cur.File
[01:11:31.722]   Status: OK
[01:11:31.722]   VarsRead:
[01:11:31.723]     $__pfo_42aa2aeb9305_cur = $null
[01:11:31.723]   VarsWritten:
[01:11:31.723]     $url = ":///"
[01:11:31.734] --- Node 17 [PipelineElement] ---
[01:11:31.734]   Code: Write-Host $url
[01:11:31.752]   Status: OK
[01:11:31.752]   VarsRead:
[01:11:31.753]     $url = $null
[01:11:31.757] --- Node 13 [OutputCaptureEnd] ---
[01:11:31.757]   Code: Append Process Output
[01:11:31.761]   Status: OK
[01:11:31.761]   Action: CaptureEnd
[01:11:31.761]   VarsWritten:
[01:11:31.763]     $__pfo_42aa2aeb9305_out = [Object[]] Count=0 @()
[01:11:31.766] --- Node 18 [ProcessIter] ---
[01:11:31.766]   Code: $__pfo_42aa2aeb9305_idx++
[01:11:31.777]   Status: OK
[01:11:31.777]   VarsRead:
[01:11:31.778]     $__pfo_42aa2aeb9305_idx = $null
[01:11:31.778]   VarsWritten:
[01:11:31.778]     $__pfo_42aa2aeb9305_idx = 1
[01:11:31.782] --- Node 9 [ProcessCondition] ---
[01:11:31.782]   Code: [bool]($__pfo_42aa2aeb9305_idx -lt $__pfo_in_42aa2aeb9305.Count)
[01:11:31.823]   Status: OK
[01:11:31.824]   VarsRead:
[01:11:31.824]     $__pfo_42aa2aeb9305_idx = $null
[01:11:31.824]     $__pfo_in_42aa2aeb9305 = $null
[01:11:31.825]   Result: True
[01:11:31.825]   ConditionResult: True
[01:11:31.828] --- Node 11 [ProcessBind] ---
[01:11:31.829]   Code: $__pfo_42aa2aeb9305_cur = $__pfo_in_42aa2aeb9305[$__pfo_42aa2aeb9305_idx]
[01:11:31.842]   Status: ERR
[01:11:31.842]   VarsRead:
[01:11:31.843]     $__pfo_42aa2aeb9305_idx = $null
[01:11:31.843]     $__pfo_in_42aa2aeb9305 = $null
[01:11:31.843]   VarsWritten:
[01:11:31.844]     $__pfo_42aa2aeb9305_cur = $null
[01:11:31.844]   Error: Cannot index into a null array.
[01:11:31.847] --- Node 12 [OutputCaptureStart] ---
[01:11:31.847]   Code: Capture Process Output
[01:11:31.849]   Status: OK
[01:11:31.849]   Action: CaptureStart
[01:11:31.853] --- Node 16 [AssignmentStatementAst] ---
[01:11:31.853]   Code: $url = $__pfo_42aa2aeb9305_cur.Scheme + '://' + $__pfo_42aa2aeb9305_cur.Domain + $__pfo_42aa2aeb9305_cur.Path + '/' + $__pfo_42aa2aeb9305_cur.File
[01:11:31.916]   Status: OK
[01:11:31.917]   VarsRead:
[01:11:31.917]     $__pfo_42aa2aeb9305_cur = $null
[01:11:31.917]   VarsWritten:
[01:11:31.918]     $url = ":///"
[01:11:31.922] --- Node 17 [PipelineElement] ---
[01:11:31.922]   Code: Write-Host $url
[01:11:31.937]   Status: OK
[01:11:31.937]   VarsRead:
[01:11:31.938]     $url = $null
[01:11:31.942] --- Node 13 [OutputCaptureEnd] ---
[01:11:31.942]   Code: Append Process Output
[01:11:31.950]   Status: OK
[01:11:31.950]   Action: CaptureEnd
[01:11:31.950]   VarsWritten:
[01:11:31.952]     $__pfo_42aa2aeb9305_out = [Object[]] Count=0 @()
[01:11:31.956] --- Node 18 [ProcessIter] ---
[01:11:31.956]   Code: $__pfo_42aa2aeb9305_idx++
[01:11:31.967]   Status: OK
[01:11:31.967]   VarsRead:
[01:11:31.967]     $__pfo_42aa2aeb9305_idx = $null
[01:11:31.967]   VarsWritten:
[01:11:31.967]     $__pfo_42aa2aeb9305_idx = 1
[01:11:31.972] --- Node 9 [ProcessCondition] ---
[01:11:31.972]   Code: [bool]($__pfo_42aa2aeb9305_idx -lt $__pfo_in_42aa2aeb9305.Count)
[01:11:32.009]   Status: OK
[01:11:32.010]   VarsRead:
[01:11:32.010]     $__pfo_42aa2aeb9305_idx = $null
[01:11:32.011]     $__pfo_in_42aa2aeb9305 = $null
[01:11:32.011]   Result: True
[01:11:32.011]   ConditionResult: True
[01:11:32.022] --- Node 11 [ProcessBind] ---
[01:11:32.022]   Code: $__pfo_42aa2aeb9305_cur = $__pfo_in_42aa2aeb9305[$__pfo_42aa2aeb9305_idx]
[01:11:32.040]   Status: ERR
[01:11:32.040]   VarsRead:
[01:11:32.041]     $__pfo_42aa2aeb9305_idx = $null
[01:11:32.041]     $__pfo_in_42aa2aeb9305 = $null
[01:11:32.041]   VarsWritten:
[01:11:32.041]     $__pfo_42aa2aeb9305_cur = $null
[01:11:32.041]   Error: Cannot index into a null array.
[01:11:32.045] --- Node 12 [OutputCaptureStart] ---
[01:11:32.045]   Code: Capture Process Output
[01:11:32.047]   Status: OK
[01:11:32.047]   Action: CaptureStart
[01:11:32.050] --- Node 16 [AssignmentStatementAst] ---
[01:11:32.050]   Code: $url = $__pfo_42aa2aeb9305_cur.Scheme + '://' + $__pfo_42aa2aeb9305_cur.Domain + $__pfo_42aa2aeb9305_cur.Path + '/' + $__pfo_42aa2aeb9305_cur.File
[01:11:32.118]   Status: OK
[01:11:32.118]   VarsRead:
[01:11:32.119]     $__pfo_42aa2aeb9305_cur = $null
[01:11:32.119]   VarsWritten:
[01:11:32.119]     $url = ":///"
[01:11:32.123] --- Node 17 [PipelineElement] ---
[01:11:32.123]   Code: Write-Host $url
[01:11:32.137]   Status: OK
[01:11:32.137]   VarsRead:
[01:11:32.138]     $url = $null
[01:11:32.141] --- Node 13 [OutputCaptureEnd] ---
[01:11:32.141]   Code: Append Process Output
[01:11:32.145]   Status: OK
[01:11:32.145]   Action: CaptureEnd
[01:11:32.145]   VarsWritten:
[01:11:32.146]     $__pfo_42aa2aeb9305_out = [Object[]] Count=0 @()
[01:11:32.150] --- Node 18 [ProcessIter] ---
[01:11:32.150]   Code: $__pfo_42aa2aeb9305_idx++
[01:11:32.161]   Status: OK
[01:11:32.161]   VarsRead:
[01:11:32.161]     $__pfo_42aa2aeb9305_idx = $null
[01:11:32.162]   VarsWritten:
[01:11:32.162]     $__pfo_42aa2aeb9305_idx = 1
[01:11:32.169] --- Node 9 [ProcessCondition] ---
[01:11:32.169]   Code: [bool]($__pfo_42aa2aeb9305_idx -lt $__pfo_in_42aa2aeb9305.Count)
[01:11:32.208]   Status: OK
[01:11:32.208]   VarsRead:
[01:11:32.209]     $__pfo_42aa2aeb9305_idx = $null
[01:11:32.209]     $__pfo_in_42aa2aeb9305 = $null
[01:11:32.209]   Result: True
[01:11:32.209]   ConditionResult: True
[01:11:32.214] --- Node 11 [ProcessBind] ---
[01:11:32.214]   Code: $__pfo_42aa2aeb9305_cur = $__pfo_in_42aa2aeb9305[$__pfo_42aa2aeb9305_idx]
[01:11:32.229]   Status: ERR
[01:11:32.229]   VarsRead:
[01:11:32.230]     $__pfo_42aa2aeb9305_idx = $null
[01:11:32.230]     $__pfo_in_42aa2aeb9305 = $null
[01:11:32.230]   VarsWritten:
[01:11:32.230]     $__pfo_42aa2aeb9305_cur = $null
[01:11:32.230]   Error: Cannot index into a null array.
[01:11:32.243] --- Node 12 [OutputCaptureStart] ---
[01:11:32.243]   Code: Capture Process Output
[01:11:32.246]   Status: OK
[01:11:32.246]   Action: CaptureStart
[01:11:32.249] --- Node 16 [AssignmentStatementAst] ---
[01:11:32.249]   Code: $url = $__pfo_42aa2aeb9305_cur.Scheme + '://' + $__pfo_42aa2aeb9305_cur.Domain + $__pfo_42aa2aeb9305_cur.Path + '/' + $__pfo_42aa2aeb9305_cur.File
[01:11:32.303]   Status: OK
[01:11:32.303]   VarsRead:
[01:11:32.304]     $__pfo_42aa2aeb9305_cur = $null
[01:11:32.304]   VarsWritten:
[01:11:32.304]     $url = ":///"
[01:11:32.308] --- Node 17 [PipelineElement] ---
[01:11:32.312]   Code: Write-Host $url
[01:11:32.324]   Status: OK
[01:11:32.324]   VarsRead:
[01:11:32.325]     $url = $null
[01:11:32.329] --- Node 13 [OutputCaptureEnd] ---
[01:11:32.329]   Code: Append Process Output
[01:11:32.332]   Status: OK
[01:11:32.332]   Action: CaptureEnd
[01:11:32.332]   VarsWritten:
[01:11:32.334]     $__pfo_42aa2aeb9305_out = [Object[]] Count=0 @()
[01:11:32.337] --- Node 18 [ProcessIter] ---
[01:11:32.337]   Code: $__pfo_42aa2aeb9305_idx++
[01:11:32.349]   Status: OK
[01:11:32.349]   VarsRead:
[01:11:32.349]     $__pfo_42aa2aeb9305_idx = $null
[01:11:32.349]   VarsWritten:
[01:11:32.350]     $__pfo_42aa2aeb9305_idx = 1
[01:11:32.353] --- Node 9 [ProcessCondition] ---
[01:11:32.353]   Code: [bool]($__pfo_42aa2aeb9305_idx -lt $__pfo_in_42aa2aeb9305.Count)
[01:11:32.393]   Status: OK
[01:11:32.393]   VarsRead:
[01:11:32.394]     $__pfo_42aa2aeb9305_idx = $null
[01:11:32.394]     $__pfo_in_42aa2aeb9305 = $null
[01:11:32.394]   Result: True
[01:11:32.394]   ConditionResult: True
[01:11:32.398] --- Node 11 [ProcessBind] ---
[01:11:32.398]   Code: $__pfo_42aa2aeb9305_cur = $__pfo_in_42aa2aeb9305[$__pfo_42aa2aeb9305_idx]
[01:11:32.412]   Status: ERR
[01:11:32.412]   VarsRead:
[01:11:32.412]     $__pfo_42aa2aeb9305_idx = $null
[01:11:32.412]     $__pfo_in_42aa2aeb9305 = $null
[01:11:32.412]   VarsWritten:
[01:11:32.413]     $__pfo_42aa2aeb9305_cur = $null
[01:11:32.413]   Error: Cannot index into a null array.
[01:11:32.417] --- Node 12 [OutputCaptureStart] ---
[01:11:32.418]   Code: Capture Process Output
[01:11:32.419]   Status: OK
[01:11:32.419]   Action: CaptureStart
[01:11:32.423] --- Node 16 [AssignmentStatementAst] ---
[01:11:32.423]   Code: $url = $__pfo_42aa2aeb9305_cur.Scheme + '://' + $__pfo_42aa2aeb9305_cur.Domain + $__pfo_42aa2aeb9305_cur.Path + '/' + $__pfo_42aa2aeb9305_cur.File
[01:11:32.488]   Status: OK
[01:11:32.488]   VarsRead:
[01:11:32.489]     $__pfo_42aa2aeb9305_cur = $null
[01:11:32.489]   VarsWritten:
[01:11:32.489]     $url = ":///"
[01:11:32.494] --- Node 17 [PipelineElement] ---
[01:11:32.494]   Code: Write-Host $url
[01:11:32.508]   Status: OK
[01:11:32.509]   VarsRead:
[01:11:32.509]     $url = $null
[01:11:32.513] --- Node 13 [OutputCaptureEnd] ---
[01:11:32.514]   Code: Append Process Output
[01:11:32.517]   Status: OK
[01:11:32.517]   Action: CaptureEnd
[01:11:32.518]   VarsWritten:
[01:11:32.523]     $__pfo_42aa2aeb9305_out = [Object[]] Count=0 @()
[01:11:32.526] --- Node 18 [ProcessIter] ---
[01:11:32.526]   Code: $__pfo_42aa2aeb9305_idx++
[01:11:32.538]   Status: OK
[01:11:32.538]   VarsRead:
[01:11:32.539]     $__pfo_42aa2aeb9305_idx = $null
[01:11:32.539]   VarsWritten:
[01:11:32.539]     $__pfo_42aa2aeb9305_idx = 1
[01:11:32.543] --- Node 9 [ProcessCondition] ---
[01:11:32.543]   Code: [bool]($__pfo_42aa2aeb9305_idx -lt $__pfo_in_42aa2aeb9305.Count)
[01:11:32.579]   Status: OK
[01:11:32.579]   VarsRead:
[01:11:32.580]     $__pfo_42aa2aeb9305_idx = $null
[01:11:32.580]     $__pfo_in_42aa2aeb9305 = $null
[01:11:32.580]   Result: True
[01:11:32.580]   ConditionResult: True
[01:11:32.593] --- Node 11 [ProcessBind] ---
[01:11:32.593]   Code: $__pfo_42aa2aeb9305_cur = $__pfo_in_42aa2aeb9305[$__pfo_42aa2aeb9305_idx]
[01:11:32.609]   Status: ERR
[01:11:32.609]   VarsRead:
[01:11:32.610]     $__pfo_42aa2aeb9305_idx = $null
[01:11:32.610]     $__pfo_in_42aa2aeb9305 = $null
[01:11:32.610]   VarsWritten:
[01:11:32.610]     $__pfo_42aa2aeb9305_cur = $null
[01:11:32.610]   Error: Cannot index into a null array.
[01:11:32.615] --- Node 12 [OutputCaptureStart] ---
[01:11:32.615]   Code: Capture Process Output
[01:11:32.617]   Status: OK
[01:11:32.617]   Action: CaptureStart
[01:11:32.621] --- Node 16 [AssignmentStatementAst] ---
[01:11:32.621]   Code: $url = $__pfo_42aa2aeb9305_cur.Scheme + '://' + $__pfo_42aa2aeb9305_cur.Domain + $__pfo_42aa2aeb9305_cur.Path + '/' + $__pfo_42aa2aeb9305_cur.File
[01:11:32.679]   Status: OK
[01:11:32.680]   VarsRead:
[01:11:32.680]     $__pfo_42aa2aeb9305_cur = $null
[01:11:32.680]   VarsWritten:
[01:11:32.680]     $url = ":///"
[01:11:32.685] --- Node 17 [PipelineElement] ---
[01:11:32.685]   Code: Write-Host $url
[01:11:32.699]   Status: OK
[01:11:32.699]   VarsRead:
[01:11:32.699]     $url = $null
[01:11:32.703] --- Node 13 [OutputCaptureEnd] ---
[01:11:32.703]   Code: Append Process Output
[01:11:32.706]   Status: OK
[01:11:32.706]   Action: CaptureEnd
[01:11:32.706]   VarsWritten:
[01:11:32.708]     $__pfo_42aa2aeb9305_out = [Object[]] Count=0 @()
[01:11:32.712] --- Node 18 [ProcessIter] ---
[01:11:32.712]   Code: $__pfo_42aa2aeb9305_idx++
[01:11:32.723]   Status: OK
[01:11:32.723]   VarsRead:
[01:11:32.724]     $__pfo_42aa2aeb9305_idx = $null
[01:11:32.724]   VarsWritten:
[01:11:32.724]     $__pfo_42aa2aeb9305_idx = 1
[01:11:32.732] --- Node 9 [ProcessCondition] ---
[01:11:32.732]   Code: [bool]($__pfo_42aa2aeb9305_idx -lt $__pfo_in_42aa2aeb9305.Count)
[01:11:32.770]   Status: OK
[01:11:32.770]   VarsRead:
[01:11:32.771]     $__pfo_42aa2aeb9305_idx = $null
[01:11:32.771]     $__pfo_in_42aa2aeb9305 = $null
[01:11:32.771]   Result: True
[01:11:32.771]   ConditionResult: True
[01:11:32.775] --- Node 11 [ProcessBind] ---
[01:11:32.775]   Code: $__pfo_42aa2aeb9305_cur = $__pfo_in_42aa2aeb9305[$__pfo_42aa2aeb9305_idx]
[01:11:32.790]   Status: ERR
[01:11:32.790]   VarsRead:
[01:11:32.791]     $__pfo_42aa2aeb9305_idx = $null
[01:11:32.791]     $__pfo_in_42aa2aeb9305 = $null
[01:11:32.791]   VarsWritten:
[01:11:32.791]     $__pfo_42aa2aeb9305_cur = $null
[01:11:32.791]   Error: Cannot index into a null array.
[01:11:32.796] --- Node 12 [OutputCaptureStart] ---
[01:11:32.796]   Code: Capture Process Output
[01:11:32.798]   Status: OK
[01:11:32.798]   Action: CaptureStart
[01:11:32.807] --- Node 16 [AssignmentStatementAst] ---
[01:11:32.807]   Code: $url = $__pfo_42aa2aeb9305_cur.Scheme + '://' + $__pfo_42aa2aeb9305_cur.Domain + $__pfo_42aa2aeb9305_cur.Path + '/' + $__pfo_42aa2aeb9305_cur.File
[01:11:32.860]   Status: OK
[01:11:32.861]   VarsRead:
[01:11:32.861]     $__pfo_42aa2aeb9305_cur = $null
[01:11:32.863]   VarsWritten:
[01:11:32.863]     $url = ":///"
[01:11:32.867] --- Node 17 [PipelineElement] ---
[01:11:32.867]   Code: Write-Host $url
[01:11:32.887]   Status: OK
[01:11:32.887]   VarsRead:
[01:11:32.888]     $url = $null
[01:11:32.891] --- Node 13 [OutputCaptureEnd] ---
[01:11:32.891]   Code: Append Process Output
[01:11:32.894]   Status: OK
[01:11:32.894]   Action: CaptureEnd
[01:11:32.894]   VarsWritten:
[01:11:32.896]     $__pfo_42aa2aeb9305_out = [Object[]] Count=0 @()
[01:11:32.899] --- Node 18 [ProcessIter] ---
[01:11:32.899]   Code: $__pfo_42aa2aeb9305_idx++
[01:11:32.910]   Status: OK
[01:11:32.910]   VarsRead:
[01:11:32.911]     $__pfo_42aa2aeb9305_idx = $null
[01:11:32.911]   VarsWritten:
[01:11:32.911]     $__pfo_42aa2aeb9305_idx = 1
[01:11:32.914] --- Node 9 [ProcessCondition] ---
[01:11:32.914]   Code: [bool]($__pfo_42aa2aeb9305_idx -lt $__pfo_in_42aa2aeb9305.Count)
[01:11:32.955]   Status: OK
[01:11:32.955]   VarsRead:
[01:11:32.956]     $__pfo_42aa2aeb9305_idx = $null
[01:11:32.956]     $__pfo_in_42aa2aeb9305 = $null
[01:11:32.956]   Result: True
[01:11:32.956]   ConditionResult: True
[01:11:32.960] --- Node 11 [ProcessBind] ---
[01:11:32.960]   Code: $__pfo_42aa2aeb9305_cur = $__pfo_in_42aa2aeb9305[$__pfo_42aa2aeb9305_idx]
[01:11:32.974]   Status: ERR
[01:11:32.974]   VarsRead:
[01:11:32.975]     $__pfo_42aa2aeb9305_idx = $null
[01:11:32.975]     $__pfo_in_42aa2aeb9305 = $null
[01:11:32.975]   VarsWritten:
[01:11:32.975]     $__pfo_42aa2aeb9305_cur = $null
[01:11:32.975]   Error: Cannot index into a null array.
[01:11:32.980] --- Node 12 [OutputCaptureStart] ---
[01:11:32.980]   Code: Capture Process Output
[01:11:32.982]   Status: OK
[01:11:32.982]   Action: CaptureStart
[01:11:32.986] --- Node 16 [AssignmentStatementAst] ---
[01:11:32.986]   Code: $url = $__pfo_42aa2aeb9305_cur.Scheme + '://' + $__pfo_42aa2aeb9305_cur.Domain + $__pfo_42aa2aeb9305_cur.Path + '/' + $__pfo_42aa2aeb9305_cur.File
[01:11:33.048]   Status: OK
[01:11:33.048]   VarsRead:
[01:11:33.049]     $__pfo_42aa2aeb9305_cur = $null
[01:11:33.049]   VarsWritten:
[01:11:33.050]     $url = ":///"
[01:11:33.054] --- Node 17 [PipelineElement] ---
[01:11:33.054]   Code: Write-Host $url
[01:11:33.069]   Status: OK
[01:11:33.069]   VarsRead:
[01:11:33.070]     $url = $null
[01:11:33.073] --- Node 13 [OutputCaptureEnd] ---
[01:11:33.073]   Code: Append Process Output
[01:11:33.077]   Status: OK
[01:11:33.077]   Action: CaptureEnd
[01:11:33.077]   VarsWritten:
[01:11:33.078]     $__pfo_42aa2aeb9305_out = [Object[]] Count=0 @()
[01:11:33.086] --- Node 18 [ProcessIter] ---
[01:11:33.086]   Code: $__pfo_42aa2aeb9305_idx++
[01:11:33.097]   Status: OK
[01:11:33.097]   VarsRead:
[01:11:33.097]     $__pfo_42aa2aeb9305_idx = $null
[01:11:33.098]   VarsWritten:
[01:11:33.098]     $__pfo_42aa2aeb9305_idx = 1
[01:11:33.101] --- Node 9 [ProcessCondition] ---
[01:11:33.102]   Code: [bool]($__pfo_42aa2aeb9305_idx -lt $__pfo_in_42aa2aeb9305.Count)
[01:11:33.136]   Status: OK
[01:11:33.136]   VarsRead:
[01:11:33.137]     $__pfo_42aa2aeb9305_idx = $null
[01:11:33.137]     $__pfo_in_42aa2aeb9305 = $null
[01:11:33.137]   Result: True
[01:11:33.137]   ConditionResult: True
[01:11:33.141] --- Node 11 [ProcessBind] ---
[01:11:33.141]   Code: $__pfo_42aa2aeb9305_cur = $__pfo_in_42aa2aeb9305[$__pfo_42aa2aeb9305_idx]
[01:11:33.161]   Status: ERR
[01:11:33.161]   VarsRead:
[01:11:33.162]     $__pfo_42aa2aeb9305_idx = $null
[01:11:33.162]     $__pfo_in_42aa2aeb9305 = $null
[01:11:33.162]   VarsWritten:
[01:11:33.162]     $__pfo_42aa2aeb9305_cur = $null
[01:11:33.162]   Error: Cannot index into a null array.
[01:11:33.166] --- Node 12 [OutputCaptureStart] ---
[01:11:33.166]   Code: Capture Process Output
[01:11:33.168]   Status: OK
[01:11:33.168]   Action: CaptureStart
[01:11:33.171] --- Node 16 [AssignmentStatementAst] ---
[01:11:33.171]   Code: $url = $__pfo_42aa2aeb9305_cur.Scheme + '://' + $__pfo_42aa2aeb9305_cur.Domain + $__pfo_42aa2aeb9305_cur.Path + '/' + $__pfo_42aa2aeb9305_cur.File
[01:11:33.240]   Status: OK
[01:11:33.240]   VarsRead:
[01:11:33.241]     $__pfo_42aa2aeb9305_cur = $null
[01:11:33.241]   VarsWritten:
[01:11:33.241]     $url = ":///"
[01:11:33.245] --- Node 17 [PipelineElement] ---
[01:11:33.246]   Code: Write-Host $url
[01:11:33.258]   Status: OK
[01:11:33.258]   VarsRead:
[01:11:33.259]     $url = $null
[01:11:33.263] --- Node 13 [OutputCaptureEnd] ---
[01:11:33.264]   Code: Append Process Output
[01:11:33.268]   Status: OK
[01:11:33.268]   Action: CaptureEnd
[01:11:33.268]   VarsWritten:
[01:11:33.269]     $__pfo_42aa2aeb9305_out = [Object[]] Count=0 @()
[01:11:33.273] --- Node 18 [ProcessIter] ---
[01:11:33.273]   Code: $__pfo_42aa2aeb9305_idx++
[01:11:33.284]   Status: OK
[01:11:33.284]   VarsRead:
[01:11:33.284]     $__pfo_42aa2aeb9305_idx = $null
[01:11:33.285]   VarsWritten:
[01:11:33.285]     $__pfo_42aa2aeb9305_idx = 1
[01:11:33.296] --- Node 9 [ProcessCondition] ---
[01:11:33.296]   Code: [bool]($__pfo_42aa2aeb9305_idx -lt $__pfo_in_42aa2aeb9305.Count)
[01:11:33.338]   Status: OK
[01:11:33.338]   VarsRead:
[01:11:33.339]     $__pfo_42aa2aeb9305_idx = $null
[01:11:33.339]     $__pfo_in_42aa2aeb9305 = $null
[01:11:33.339]   Result: True
[01:11:33.339]   ConditionResult: True
[01:11:33.344] --- Node 11 [ProcessBind] ---
[01:11:33.344]   Code: $__pfo_42aa2aeb9305_cur = $__pfo_in_42aa2aeb9305[$__pfo_42aa2aeb9305_idx]
[01:11:33.359]   Status: ERR
[01:11:33.359]   VarsRead:
[01:11:33.360]     $__pfo_42aa2aeb9305_idx = $null
[01:11:33.360]     $__pfo_in_42aa2aeb9305 = $null
[01:11:33.360]   VarsWritten:
[01:11:33.360]     $__pfo_42aa2aeb9305_cur = $null
[01:11:33.360]   Error: Cannot index into a null array.
[01:11:33.364] --- Node 12 [OutputCaptureStart] ---
[01:11:33.364]   Code: Capture Process Output
[01:11:33.366]   Status: OK
[01:11:33.366]   Action: CaptureStart
[01:11:33.373] --- Node 16 [AssignmentStatementAst] ---
[01:11:33.373]   Code: $url = $__pfo_42aa2aeb9305_cur.Scheme + '://' + $__pfo_42aa2aeb9305_cur.Domain + $__pfo_42aa2aeb9305_cur.Path + '/' + $__pfo_42aa2aeb9305_cur.File
[01:11:33.434]   Status: OK
[01:11:33.434]   VarsRead:
[01:11:33.435]     $__pfo_42aa2aeb9305_cur = $null
[01:11:33.435]   VarsWritten:
[01:11:33.435]     $url = ":///"
[01:11:33.440] --- Node 17 [PipelineElement] ---
[01:11:33.440]   Code: Write-Host $url
[01:11:33.458]   Status: OK
[01:11:33.459]   VarsRead:
[01:11:33.460]     $url = $null
[01:11:33.463] --- Node 13 [OutputCaptureEnd] ---
[01:11:33.463]   Code: Append Process Output
[01:11:33.468]   Status: OK
[01:11:33.468]   Action: CaptureEnd
[01:11:33.468]   VarsWritten:
[01:11:33.470]     $__pfo_42aa2aeb9305_out = [Object[]] Count=0 @()
[01:11:33.474] --- Node 18 [ProcessIter] ---
[01:11:33.474]   Code: $__pfo_42aa2aeb9305_idx++
[01:11:33.486]   Status: OK
[01:11:33.486]   VarsRead:
[01:11:33.487]     $__pfo_42aa2aeb9305_idx = $null
[01:11:33.487]   VarsWritten:
[01:11:33.487]     $__pfo_42aa2aeb9305_idx = 1
[01:11:33.490] --- Node 9 [ProcessCondition] ---
[01:11:33.491]   Code: [bool]($__pfo_42aa2aeb9305_idx -lt $__pfo_in_42aa2aeb9305.Count)
[01:11:33.528]   Status: OK
[01:11:33.528]   VarsRead:
[01:11:33.529]     $__pfo_42aa2aeb9305_idx = $null
[01:11:33.529]     $__pfo_in_42aa2aeb9305 = $null
[01:11:33.529]   Result: True
[01:11:33.529]   ConditionResult: True
[01:11:33.534] --- Node 11 [ProcessBind] ---
[01:11:33.534]   Code: $__pfo_42aa2aeb9305_cur = $__pfo_in_42aa2aeb9305[$__pfo_42aa2aeb9305_idx]
[01:11:33.550]   Status: ERR
[01:11:33.550]   VarsRead:
[01:11:33.551]     $__pfo_42aa2aeb9305_idx = $null
[01:11:33.551]     $__pfo_in_42aa2aeb9305 = $null
[01:11:33.551]   VarsWritten:
[01:11:33.551]     $__pfo_42aa2aeb9305_cur = $null
[01:11:33.551]   Error: Cannot index into a null array.
[01:11:33.555] --- Node 12 [OutputCaptureStart] ---
[01:11:33.555]   Code: Capture Process Output
[01:11:33.557]   Status: OK
[01:11:33.557]   Action: CaptureStart
[01:11:33.561] --- Node 16 [AssignmentStatementAst] ---
[01:11:33.561]   Code: $url = $__pfo_42aa2aeb9305_cur.Scheme + '://' + $__pfo_42aa2aeb9305_cur.Domain + $__pfo_42aa2aeb9305_cur.Path + '/' + $__pfo_42aa2aeb9305_cur.File
[01:11:33.627]   Status: OK
[01:11:33.628]   VarsRead:
[01:11:33.628]     $__pfo_42aa2aeb9305_cur = $null
[01:11:33.629]   VarsWritten:
[01:11:33.629]     $url = ":///"
[01:11:33.632] --- Node 17 [PipelineElement] ---
[01:11:33.632]   Code: Write-Host $url
[01:11:33.646]   Status: OK
[01:11:33.646]   VarsRead:
[01:11:33.647]     $url = $null
[01:11:33.650] --- Node 13 [OutputCaptureEnd] ---
[01:11:33.650]   Code: Append Process Output
[01:11:33.654]   Status: OK
[01:11:33.654]   Action: CaptureEnd
[01:11:33.654]   VarsWritten:
[01:11:33.656]     $__pfo_42aa2aeb9305_out = [Object[]] Count=0 @()
[01:11:33.664] --- Node 18 [ProcessIter] ---
[01:11:33.664]   Code: $__pfo_42aa2aeb9305_idx++
[01:11:33.676]   Status: OK
[01:11:33.678]   VarsRead:
[01:11:33.679]     $__pfo_42aa2aeb9305_idx = $null
[01:11:33.679]   VarsWritten:
[01:11:33.679]     $__pfo_42aa2aeb9305_idx = 1
[01:11:33.682] --- Node 9 [ProcessCondition] ---
[01:11:33.683]   Code: [bool]($__pfo_42aa2aeb9305_idx -lt $__pfo_in_42aa2aeb9305.Count)
[01:11:33.719]   Status: OK
[01:11:33.719]   VarsRead:
[01:11:33.720]     $__pfo_42aa2aeb9305_idx = $null
[01:11:33.720]     $__pfo_in_42aa2aeb9305 = $null
[01:11:33.720]   Result: True
[01:11:33.720]   ConditionResult: True
[01:11:33.724] --- Node 11 [ProcessBind] ---
[01:11:33.724]   Code: $__pfo_42aa2aeb9305_cur = $__pfo_in_42aa2aeb9305[$__pfo_42aa2aeb9305_idx]
[01:11:33.745]   Status: ERR
[01:11:33.745]   VarsRead:
[01:11:33.745]     $__pfo_42aa2aeb9305_idx = $null
[01:11:33.746]     $__pfo_in_42aa2aeb9305 = $null
[01:11:33.746]   VarsWritten:
[01:11:33.746]     $__pfo_42aa2aeb9305_cur = $null
[01:11:33.746]   Error: Cannot index into a null array.
[01:11:33.750] --- Node 12 [OutputCaptureStart] ---
[01:11:33.750]   Code: Capture Process Output
[01:11:33.752]   Status: OK
[01:11:33.752]   Action: CaptureStart
[01:11:33.756] --- Node 16 [AssignmentStatementAst] ---
[01:11:33.756]   Code: $url = $__pfo_42aa2aeb9305_cur.Scheme + '://' + $__pfo_42aa2aeb9305_cur.Domain + $__pfo_42aa2aeb9305_cur.Path + '/' + $__pfo_42aa2aeb9305_cur.File
[01:11:33.821]   Status: OK
[01:11:33.822]   VarsRead:
[01:11:33.822]     $__pfo_42aa2aeb9305_cur = $null
[01:11:33.823]   VarsWritten:
[01:11:33.823]     $url = ":///"
[01:11:33.826] --- Node 17 [PipelineElement] ---
[01:11:33.826]   Code: Write-Host $url
[01:11:33.841]   Status: OK
[01:11:33.841]   VarsRead:
[01:11:33.842]     $url = $null
[01:11:33.847] --- Node 13 [OutputCaptureEnd] ---
[01:11:33.847]   Code: Append Process Output
[01:11:33.850]   Status: OK
[01:11:33.850]   Action: CaptureEnd
[01:11:33.850]   VarsWritten:
[01:11:33.852]     $__pfo_42aa2aeb9305_out = [Object[]] Count=0 @()
[01:11:33.856] --- Node 18 [ProcessIter] ---
[01:11:33.856]   Code: $__pfo_42aa2aeb9305_idx++
[01:11:33.867]   Status: OK
[01:11:33.867]   VarsRead:
[01:11:33.868]     $__pfo_42aa2aeb9305_idx = $null
[01:11:33.868]   VarsWritten:
[01:11:33.868]     $__pfo_42aa2aeb9305_idx = 1
[01:11:33.879] --- Node 9 [ProcessCondition] ---
[01:11:33.879]   Code: [bool]($__pfo_42aa2aeb9305_idx -lt $__pfo_in_42aa2aeb9305.Count)
[01:11:33.916]   Status: OK
[01:11:33.916]   VarsRead:
[01:11:33.917]     $__pfo_42aa2aeb9305_idx = $null
[01:11:33.917]     $__pfo_in_42aa2aeb9305 = $null
[01:11:33.917]   Result: True
[01:11:33.917]   ConditionResult: True
[01:11:33.922] --- Node 11 [ProcessBind] ---
[01:11:33.922]   Code: $__pfo_42aa2aeb9305_cur = $__pfo_in_42aa2aeb9305[$__pfo_42aa2aeb9305_idx]
[01:11:33.937]   Status: ERR
[01:11:33.937]   VarsRead:
[01:11:33.938]     $__pfo_42aa2aeb9305_idx = $null
[01:11:33.938]     $__pfo_in_42aa2aeb9305 = $null
[01:11:33.938]   VarsWritten:
[01:11:33.938]     $__pfo_42aa2aeb9305_cur = $null
[01:11:33.939]   Error: Cannot index into a null array.
[01:11:33.942] --- Node 12 [OutputCaptureStart] ---
[01:11:33.943]   Code: Capture Process Output
[01:11:33.945]   Status: OK
[01:11:33.945]   Action: CaptureStart
[01:11:33.955] --- Node 16 [AssignmentStatementAst] ---
[01:11:33.956]   Code: $url = $__pfo_42aa2aeb9305_cur.Scheme + '://' + $__pfo_42aa2aeb9305_cur.Domain + $__pfo_42aa2aeb9305_cur.Path + '/' + $__pfo_42aa2aeb9305_cur.File
[01:11:34.046]   Status: OK
[01:11:34.046]   VarsRead:
[01:11:34.047]     $__pfo_42aa2aeb9305_cur = $null
[01:11:34.047]   VarsWritten:
[01:11:34.047]     $url = ":///"
[01:11:34.051] --- Node 17 [PipelineElement] ---
[01:11:34.051]   Code: Write-Host $url
[01:11:34.077]   Status: OK
[01:11:34.077]   VarsRead:
[01:11:34.079]     $url = $null
[01:11:34.083] --- Node 13 [OutputCaptureEnd] ---
[01:11:34.083]   Code: Append Process Output
[01:11:34.088]   Status: OK
[01:11:34.088]   Action: CaptureEnd
[01:11:34.088]   VarsWritten:
[01:11:34.090]     $__pfo_42aa2aeb9305_out = [Object[]] Count=0 @()
[01:11:34.095] --- Node 18 [ProcessIter] ---
[01:11:34.095]   Code: $__pfo_42aa2aeb9305_idx++
[01:11:34.111]   Status: OK
[01:11:34.111]   VarsRead:
[01:11:34.113]     $__pfo_42aa2aeb9305_idx = $null
[01:11:34.113]   VarsWritten:
[01:11:34.113]     $__pfo_42aa2aeb9305_idx = 1
[01:11:34.117] --- Node 9 [ProcessCondition] ---
[01:11:34.117]   Code: [bool]($__pfo_42aa2aeb9305_idx -lt $__pfo_in_42aa2aeb9305.Count)
[01:11:34.176]   Status: OK
[01:11:34.176]   VarsRead:
[01:11:34.179]     $__pfo_42aa2aeb9305_idx = $null
[01:11:34.179]     $__pfo_in_42aa2aeb9305 = $null
[01:11:34.180]   Result: True
[01:11:34.180]   ConditionResult: True
[01:11:34.186] --- Node 11 [ProcessBind] ---
[01:11:34.186]   Code: $__pfo_42aa2aeb9305_cur = $__pfo_in_42aa2aeb9305[$__pfo_42aa2aeb9305_idx]
[01:11:34.206]   Status: ERR
[01:11:34.207]   VarsRead:
[01:11:34.207]     $__pfo_42aa2aeb9305_idx = $null
[01:11:34.207]     $__pfo_in_42aa2aeb9305 = $null
[01:11:34.208]   VarsWritten:
[01:11:34.208]     $__pfo_42aa2aeb9305_cur = $null
[01:11:34.208]   Error: Cannot index into a null array.
[01:11:34.213] --- Node 12 [OutputCaptureStart] ---
[01:11:34.213]   Code: Capture Process Output
[01:11:34.215]   Status: OK
[01:11:34.215]   Action: CaptureStart
[01:11:34.220] --- Node 16 [AssignmentStatementAst] ---
[01:11:34.220]   Code: $url = $__pfo_42aa2aeb9305_cur.Scheme + '://' + $__pfo_42aa2aeb9305_cur.Domain + $__pfo_42aa2aeb9305_cur.Path + '/' + $__pfo_42aa2aeb9305_cur.File
[01:11:34.286]   Status: OK
[01:11:34.286]   VarsRead:
[01:11:34.287]     $__pfo_42aa2aeb9305_cur = $null
[01:11:34.287]   VarsWritten:
[01:11:34.287]     $url = ":///"
[01:11:34.291] --- Node 17 [PipelineElement] ---
[01:11:34.291]   Code: Write-Host $url
[01:11:34.305]   Status: OK
[01:11:34.305]   VarsRead:
[01:11:34.306]     $url = $null
[01:11:34.310] --- Node 13 [OutputCaptureEnd] ---
[01:11:34.310]   Code: Append Process Output
[01:11:34.313]   Status: OK
[01:11:34.313]   Action: CaptureEnd
[01:11:34.314]   VarsWritten:
[01:11:34.315]     $__pfo_42aa2aeb9305_out = [Object[]] Count=0 @()
[01:11:34.326] --- Node 18 [ProcessIter] ---
[01:11:34.326]   Code: $__pfo_42aa2aeb9305_idx++
[01:11:34.340]   Status: OK
[01:11:34.340]   VarsRead:
[01:11:34.340]     $__pfo_42aa2aeb9305_idx = $null
[01:11:34.341]   VarsWritten:
[01:11:34.341]     $__pfo_42aa2aeb9305_idx = 1
[01:11:34.344] --- Node 9 [ProcessCondition] ---
[01:11:34.344]   Code: [bool]($__pfo_42aa2aeb9305_idx -lt $__pfo_in_42aa2aeb9305.Count)
[01:11:34.382]   Status: OK
[01:11:34.382]   VarsRead:
[01:11:34.384]     $__pfo_42aa2aeb9305_idx = $null
[01:11:34.384]     $__pfo_in_42aa2aeb9305 = $null
[01:11:34.384]   Result: True
[01:11:34.384]   ConditionResult: True
[01:11:34.389] --- Node 11 [ProcessBind] ---
[01:11:34.389]   Code: $__pfo_42aa2aeb9305_cur = $__pfo_in_42aa2aeb9305[$__pfo_42aa2aeb9305_idx]
[01:11:34.411]   Status: ERR
[01:11:34.411]   VarsRead:
[01:11:34.412]     $__pfo_42aa2aeb9305_idx = $null
[01:11:34.412]     $__pfo_in_42aa2aeb9305 = $null
[01:11:34.412]   VarsWritten:
[01:11:34.412]     $__pfo_42aa2aeb9305_cur = $null
[01:11:34.412]   Error: Cannot index into a null array.
[01:11:34.416] --- Node 12 [OutputCaptureStart] ---
[01:11:34.416]   Code: Capture Process Output
[01:11:34.418]   Status: OK
[01:11:34.418]   Action: CaptureStart
[01:11:34.423] --- Node 16 [AssignmentStatementAst] ---
[01:11:34.423]   Code: $url = $__pfo_42aa2aeb9305_cur.Scheme + '://' + $__pfo_42aa2aeb9305_cur.Domain + $__pfo_42aa2aeb9305_cur.Path + '/' + $__pfo_42aa2aeb9305_cur.File
[01:11:34.455]   Status: ERR
[01:11:34.455]   VarsRead:
[01:11:34.456]     $__pfo_42aa2aeb9305_cur = $null
[01:11:34.456]   VarsWritten:
[01:11:34.456]     $url = $null
[01:11:34.456]   Error: Execution timeout after global budget exhausted
[01:11:34.458] !!! 执行总时长超限 (30004ms / 29997ms) !!!
[01:11:34.459] 
[01:11:34.459] === 执行统计 ===
[01:11:34.460] Total visits: 968
[01:11:34.460] Unique nodes: 12
[01:11:34.461] Runtime subgraphs: 0
[01:11:34.461] Runtime expansion disabled: 0
[01:11:34.462] Dynamic depth-limit stops: 0
[01:11:34.463] Node-scoped runspace resets: 968
[01:11:34.463] StopReason: GlobalTimeBudgetExceeded
